title;description;adresse;ville;code_postal;surface;prix;nombre_chambres;type_bien;parking;garage;images;lien_annonce;type_annonce
Appartement;"Au cœur du Sablon : lumineux appartement 3 chambres !
L'appartement se compose d'un spacieux hall d'entrée, d'un agréable living avec bibliothèque encastrée, d'une cuisine équipée, d'une nouvelle douche, de deux WC. Trois chambres dont une à l'arrière et deux à l'avant. Double vitrage, parquet au sol, multitude de rangements intégrés, ascenseur donnant accès direct à l'appartement. Le quartier offre une multitude de commerces haut de gamme, d'antiquaires, de bijoutiers, de restaurants, de chocolatiers. Un accès rapide aux transports en commun, borne Villo et Cambio à proximité. Les charges de 250€ comprennent une provision pour l'eau, le chauffage, l'entretien des communs, l'ascenseur. Possibilité d'obtenir une carte de résident pour pouvoir se parquer sur la place. Le quartier offre une multitude de commerces en tous genres. Transports en commun à proximité (bus, tram). PEB D, 209 kWhEP/m²/an, 41 kgCO₂/m²/an";Rue Bodenbroek 8A;Bruxelles;1000;136;2100;1;Appartement;False;False;['https://api-image.immovlan.be/v1/property/VBD42388/images/6ad6fb118147422db89a459f4c827f0f.jpg/webp/ExtraLarge?mode=pad&format=webp&quality=75', 'https://api-image.immovlan.be/v1/property/VBD42388/images/ecbe6149777548268d5f1d82887674c6.jpg/webp/ExtraLarge?mode=pad&format=webp&quality=75', 'https://api-image.immovlan.be/v1/property/VBD42388/images/e531222e663840eb95ae7c0620da5dd0.jpg/webp/ExtraLarge?mode=pad&format=webp&quality=75', 'https://api-image.immovlan.be/v1/property/VBD42388/images/7c7f66ac09bc4dbb8c464a69c8d227ef.jpg/webp/ExtraLarge?mode=pad&format=webp&quality=75', 'https://api-image.immovlan.be/v1/property/VBD42388/images/147896af370e4cbcbb4246f798ec7f0b.jpg/webp/ExtraLarge?mode=pad&format=webp&quality=75', 'https://api-image.immovlan.be/v1/property/VBD42388/images/cf3129b41e544adfa63594271aa7fa1c.jpg/webp/ExtraLarge?mode=pad&format=webp&quality=75', 'https://api-image.immovlan.be/v1/property/VBD42388/images/c91d534b4ad34f199a0c4bd323f6b894.jpg/webp/ExtraLarge?mode=pad&format=webp&quality=75', 'https://api-image.immovlan.be/v1/property/VBD42388/images/f776092664d44479a9d43cc8516cf652.jpg/webp/ExtraLarge?mode=pad&format=webp&quality=75', 'https://api-image.immovlan.be/v1/property/VBD42388/images/b3f38b8eee314345b7239be083ab8ae0.jpg/webp/ExtraLarge?mode=pad&format=webp&quality=75'];https://immovlan.be/fr/detail/appartement/a-louer/1000/bruxelles/vbd42388;location
Appartement;"Ixelles – Superbe appartement de caractère dans une élégante maison de maître proche de la place Saint-Boniface

LA MAISON – HOLISTIC PROPERTIES GROUP a le plaisir de vous présenter ce magnifique appartement de charme, entièrement rénové et aménagé par une architecte, situé au 2ᵉ étage d’une somptueuse maison de maître à deux pas de la place Saint-Boniface, de la Chaussée d’Ixelles, de l’avenue Louise et du Parlement européen.

Dès l’entrée, la magnifique cage d’escalier et les détails architecturaux de la maison témoignent du cachet de l’époque. L’appartement, baigné de lumière et subtilement modernisé, offre une atmosphère chaleureuse et raffinée.

Le séjour spacieux et convivial comprend un espace bureau pouvant être isolé par une porte coulissante, idéal pour télétravailler en toute sérénité.

La cuisine ouverte s’intègre harmonieusement à la pièce de vie. L’appartement dispose d’une chambre de 8 m² avec armoire encastrée, d’une salle de bain élégante et de nombreux rangements sur mesure.

Les finitions de qualité — sol en polyuréthane dans la cuisine, isolation acoustique performante et aménagements sur mesure — assurent un confort moderne tout en préservant le charme de l’ancien.

Toutes les consommations (électricité, gaz, eau) sont individuelles.

Loyer : 1.235 €
Charges : 45 € (entretien et nettoyage des communs)
Disponibilité : à partir du 1ᵉʳ janvier 2026
Bail d'un an

Étage : 2ᵉ sur 3
Cave
Chauffage : individuel au gaz

Pour toute information ou pour organiser une visite :

Tout voir";Chaussée de Wavre 99;Ixelles;1050;77;1235;1;Appartement;False;False;['https://api-image.immovlan.be/v1/property/VBD42180/images/c71b704982a8418b8a23b07e5ffe741b.jpg/webp/ExtraLarge?mode=pad&format=webp&quality=75', 'https://api-image.immovlan.be/v1/property/VBD42180/images/2fe51b72b1c24a2489c79b558a233f06.jpg/webp/ExtraLarge?mode=pad&format=webp&quality=75', 'https://api-image.immovlan.be/v1/property/VBD42180/images/285466e805f54b4b812425b6e2148526.jpg/webp/ExtraLarge?mode=pad&format=webp&quality=75', 'https://api-image.immovlan.be/v1/property/VBD42180/images/a66d700d7cb44a1aaaaa4308e0adff84.jpg/webp/ExtraLarge?mode=pad&format=webp&quality=75', 'https://api-image.immovlan.be/v1/property/VBD42180/images/31fabc9dedc0410c9a9b4605e326e152.jpg/webp/ExtraLarge?mode=pad&format=webp&quality=75', 'https://api-image.immovlan.be/v1/property/VBD42180/images/41821b50b65644758b4008dee5d70beb.jpg/webp/ExtraLarge?mode=pad&format=webp&quality=75', 'https://api-image.immovlan.be/v1/property/VBD42180/images/5e52a5e442144588b3057473ff112cc1.jpg/webp/ExtraLarge?mode=pad&format=webp&quality=75', 'https://api-image.immovlan.be/v1/property/VBD42180/images/bae885f59386442cb8ab68d790caf22e.jpg/webp/ExtraLarge?mode=pad&format=webp&quality=75', 'https://api-image.immovlan.be/v1/property/VBD42180/images/fab9cc0adab44662b83e4beef478e447.jpg/webp/ExtraLarge?mode=pad&format=webp&quality=75', 'https://api-image.immovlan.be/v1/property/VBD42180/images/f52dce2d45a949cc9ccc1d7e80695202.jpg/webp/ExtraLarge?mode=pad&format=webp&quality=75', 'https://api-image.immovlan.be/v1/property/VBD42180/images/bf690fa7984f40c49b5b6f81039083b8.jpg/webp/ExtraLarge?mode=pad&format=webp&quality=75', 'https://api-image.immovlan.be/v1/property/VBD42180/images/00c3315d29c34135a0826fc4cd7eea82.jpg/webp/ExtraLarge?mode=pad&format=webp&quality=75', 'https://api-image.immovlan.be/v1/property/VBD42180/images/7b5dd2bba0ec4d8c84556cf1a4500d30.jpg/webp/ExtraLarge?mode=pad&format=webp&quality=75', 'https://api-image.immovlan.be/v1/property/VBD42180/images/0e291e26a80d4815b4cf07b2ee40a106.jpg/webp/ExtraLarge?mode=pad&format=webp&quality=75', 'https://api-image.immovlan.be/v1/property/VBD42180/images/832f2dc1299141ecbb022c990bd32abd.jpg/webp/ExtraLarge?mode=pad&format=webp&quality=75', 'https://api-image.immovlan.be/v1/property/VBD42180/images/068c4bd8ba2549e8943a2b7339bc6042.jpg/webp/ExtraLarge?mode=pad&format=webp&quality=75', 'https://api-image.immovlan.be/v1/property/VBD42180/images/7a6038298ea742f99845fbce4f4b5877.jpg/webp/ExtraLarge?mode=pad&format=webp&quality=75', 'https://api-image.immovlan.be/v1/property/VBD42180/images/aed344dabdd84c73815a7122f2693650.jpg/webp/ExtraLarge?mode=pad&format=webp&quality=75'];https://immovlan.be/fr/detail/appartement/a-louer/1050/ixelles/vbd42180;location
Appartement;SCHAERBEEK, quartier Saint Dominique, à proximité de toutes facilités, OTAN, Communautés Européennes et transports en commun, appartement NON-MEUBLE de ±80m² situé au 1er étage d'un petit immeuble. Il comprend un hall d'entrée, un lumineux séjour de ±30m², une cuisine équipée, 2 chambres, une salle de douche, un wc et une cave. Local à vélos. Libre au 01/01/2026 ! Provision pour charges : 215€/mois (communs, chauffage, eau chaude/froide). PEB : G 120kgCO²/(m²/an). INFOS & VISITES Tel . Visitez aussi notre page Facebook : https://www.facebook.com/Trevi.Est/ ! Mesures données à titre indicatif.;Avenue Gustave Latinis 26 6;Schaerbeek;1030;80;1150;1;Appartement;False;False;['https://api-image.immovlan.be/v1/property/VBD41539/images/d29369a6b0da4b57b1be91b31d7d8a47.jpg/webp/ExtraLarge?mode=pad&format=webp&quality=75', 'https://api-image.immovlan.be/v1/property/VBD41539/images/3e3fea6823b946e284a692f4366518d6.jpg/webp/ExtraLarge?mode=pad&format=webp&quality=75', 'https://api-image.immovlan.be/v1/property/VBD41539/images/1aaaac04b3d94e59bba3cbe48192a418.jpg/webp/ExtraLarge?mode=pad&format=webp&quality=75', 'https://api-image.immovlan.be/v1/property/VBD41539/images/9fe705cd1eca4b90bea332e9d41911c2.jpg/webp/ExtraLarge?mode=pad&format=webp&quality=75', 'https://api-image.immovlan.be/v1/property/VBD41539/images/d986d31813b2417b91be4a2e094c9381.jpg/webp/ExtraLarge?mode=pad&format=webp&quality=75', 'https://api-image.immovlan.be/v1/property/VBD41539/images/ef4ec2a45b954d228667dc497fe3a8aa.jpg/webp/ExtraLarge?mode=pad&format=webp&quality=75', 'https://api-image.immovlan.be/v1/property/VBD41539/images/d674113e387b40389f19d4afbf46f5d7.jpg/webp/ExtraLarge?mode=pad&format=webp&quality=75', 'https://api-image.immovlan.be/v1/property/VBD41539/images/ca91786ba96a4d739774107cfc34d77f.jpg/webp/ExtraLarge?mode=pad&format=webp&quality=75', 'https://api-image.immovlan.be/v1/property/VBD41539/images/6627e9a1fc5449e98850d58c311c6590.jpg/webp/ExtraLarge?mode=pad&format=webp&quality=75', 'https://api-image.immovlan.be/v1/property/VBD41539/images/f46100a62f26411ea2b4f6eca25db78e.jpg/webp/ExtraLarge?mode=pad&format=webp&quality=75', 'https://api-image.immovlan.be/v1/property/VBD41539/images/6e4237caf4af4679bec97712a61c7ded.jpg/webp/ExtraLarge?mode=pad&format=webp&quality=75'];https://immovlan.be/fr/detail/appartement/a-louer/1030/schaerbeek/vbd41539;location
Studio;ETTERBEEK, aux abords du parc Cinquantenaire et de ses nombreuses et diverses commodités (commerces, transports, restaurants,...), joli studio semi-meublé de ±36m² composé d'une grande pièce de vie de ±22,5m² offrant une fabuleuse vue sur Bruxelles, une cuisine équipée, une salle de douche et un wc séparé. Provision pour charges : 170€/mois (communs, eau chaude/froide, chauffage). Libre immédiatement ! PEB: C - A voir absolument ! Mesures données à titre indicatif.;Avenue des Nerviens 117 11;Etterbeek;1040;36;750;1;Studio;False;False;['https://api-image.immovlan.be/v1/property/VBD41538/images/a3b24a033b1845dcb25bed04e65b19e3.jpg/webp/ExtraLarge?mode=pad&format=webp&quality=75', 'https://api-image.immovlan.be/v1/property/VBD41538/images/98df28de049947c396998cdf717aa94e.jpg/webp/ExtraLarge?mode=pad&format=webp&quality=75', 'https://api-image.immovlan.be/v1/property/VBD41538/images/53411ad0ad294d5b93732c2f80e6683d.jpg/webp/ExtraLarge?mode=pad&format=webp&quality=75', 'https://api-image.immovlan.be/v1/property/VBD41538/images/27f60c8e46934d3f91ab66d55bc0b9fd.jpg/webp/ExtraLarge?mode=pad&format=webp&quality=75', 'https://api-image.immovlan.be/v1/property/VBD41538/images/1f8db598fddb4225bcd214a9031dbc19.jpg/webp/ExtraLarge?mode=pad&format=webp&quality=75', 'https://api-image.immovlan.be/v1/property/VBD41538/images/deb8e0d0bc484d939bc4da4c30716757.jpg/webp/ExtraLarge?mode=pad&format=webp&quality=75', 'https://api-image.immovlan.be/v1/property/VBD41538/images/5cd79cbb11d24498a97351c93f4146ea.jpg/webp/ExtraLarge?mode=pad&format=webp&quality=75'];https://immovlan.be/fr/detail/studio/a-louer/1040/etterbeek/vbd41538;location
Studio;WOLUWE-SAINT-LAMBERT, dans un quartier calme et verdoyant, accès facile vers le ring, E40, l'aéroport et transports en commun, très beau studio de ±50m² habitables, comprenant: une pièce de vie de ±28m², une cuisine ouverte super équipée, un dressing de ±4m², une salle de douche, une cave et un emplacement de parking intérieur. Libre le 01/11/2025 ! Provision pour charges: 90€/mois (communs). PEB: B - Mesures données à titre indicatif;Avenue du Yorkshire 24 D3.3;Woluwe-Saint-Lambert;1200;50;920;1;Studio;False;False;['https://api-image.immovlan.be/v1/property/VBD41537/images/63a3190c44014477bf167cfa4f3e3492.jpg/webp/ExtraLarge?mode=pad&format=webp&quality=75', 'https://api-image.immovlan.be/v1/property/VBD41537/images/654e1f7e6d584ae38cc9a9c38910a84b.jpg/webp/ExtraLarge?mode=pad&format=webp&quality=75', 'https://api-image.immovlan.be/v1/property/VBD41537/images/132929b194b74acd9ffc26ffd6d387f7.jpg/webp/ExtraLarge?mode=pad&format=webp&quality=75', 'https://api-image.immovlan.be/v1/property/VBD41537/images/bc3675c73c3b4d5c8b581d6517b9ad84.jpg/webp/ExtraLarge?mode=pad&format=webp&quality=75', 'https://api-image.immovlan.be/v1/property/VBD41537/images/60cf8fcc7bc147a0959f15e66cf32a1e.jpg/webp/ExtraLarge?mode=pad&format=webp&quality=75', 'https://api-image.immovlan.be/v1/property/VBD41537/images/3ff423745db548dc8e51510652ecc9d7.jpg/webp/ExtraLarge?mode=pad&format=webp&quality=75', 'https://api-image.immovlan.be/v1/property/VBD41537/images/e99732f0bcac47dcbdbeeb2caaea64e7.jpg/webp/ExtraLarge?mode=pad&format=webp&quality=75', 'https://api-image.immovlan.be/v1/property/VBD41537/images/a72b6f86904b433db9d24c032b802fa0.jpg/webp/ExtraLarge?mode=pad&format=webp&quality=75'];https://immovlan.be/fr/detail/studio/a-louer/1200/woluwe-saint-lambert/vbd41537;location
Penthouse;WOLUWE SAINT-LAMBERT, à la limite d’Evere, au 5ème étage avec ascenseur d’un immeuble récent. Beau penthouse de 112 m² avec terrasse de ± 20 m². Il se compose comme suit : hall d’entrée, lumineux séjour de ± 30 m², cuisine super équipée, buanderie, 3 chambres (± 11m², 13m² et 15 m²), une salle de bain et salle de douche. Cave et emplacement de parking intérieur inclus. PEB D. Disponible le 15/11/2025. Forfait de 130€ (communs). Mesures données à titre indicatif.;Chaussée de Louvain 1218;Woluwe-Saint-Lambert;1200;112;1600;1;Penthouse;False;False;['https://api-image.immovlan.be/v1/property/VBD41536/images/335729f1df7d4fe7abb3c2af2915cb02.jpg/webp/ExtraLarge?mode=pad&format=webp&quality=75', 'https://api-image.immovlan.be/v1/property/VBD41536/images/49d7f09c7fc34f86894d9a952529ae79.jpg/webp/ExtraLarge?mode=pad&format=webp&quality=75', 'https://api-image.immovlan.be/v1/property/VBD41536/images/936e0a56c07c44a9b81096d975c15a5b.jpg/webp/ExtraLarge?mode=pad&format=webp&quality=75', 'https://api-image.immovlan.be/v1/property/VBD41536/images/d7c29f22caf44f73a7bbe6fc8e2a5277.jpg/webp/ExtraLarge?mode=pad&format=webp&quality=75', 'https://api-image.immovlan.be/v1/property/VBD41536/images/fb81a5e086c94491ac77ac32494a8608.jpg/webp/ExtraLarge?mode=pad&format=webp&quality=75', 'https://api-image.immovlan.be/v1/property/VBD41536/images/56cece04d6b74e6db2d3cf27fba038ba.jpg/webp/ExtraLarge?mode=pad&format=webp&quality=75', 'https://api-image.immovlan.be/v1/property/VBD41536/images/e1995ff0a82945adba90f0a6183e81a7.jpg/webp/ExtraLarge?mode=pad&format=webp&quality=75', 'https://api-image.immovlan.be/v1/property/VBD41536/images/c1e04cf1881746cb8dbed98e2ad46910.jpg/webp/ExtraLarge?mode=pad&format=webp&quality=75', 'https://api-image.immovlan.be/v1/property/VBD41536/images/d66e9c53f608499f99e345b1133106e5.jpg/webp/ExtraLarge?mode=pad&format=webp&quality=75', 'https://api-image.immovlan.be/v1/property/VBD41536/images/661d7c1b2fb3406a87930293a883f453.jpg/webp/ExtraLarge?mode=pad&format=webp&quality=75', 'https://api-image.immovlan.be/v1/property/VBD41536/images/fae032d4a9e5496898771033e10a5f2f.jpg/webp/ExtraLarge?mode=pad&format=webp&quality=75', 'https://api-image.immovlan.be/v1/property/VBD41536/images/ed7fdbf08cab4af4b3af8d47634308e6.jpg/webp/ExtraLarge?mode=pad&format=webp&quality=75', 'https://api-image.immovlan.be/v1/property/VBD41536/images/9bc03a6cf17a4e3c97cfc53c199a7418.jpg/webp/ExtraLarge?mode=pad&format=webp&quality=75'];https://immovlan.be/fr/detail/penthouse/a-louer/1200/woluwe-saint-lambert/vbd41536;location
Duplex;EVERE, dans un quartier calme et résidentiel à proximité de la maison communale, duplex de 2 chambres non-meublé d’une surface de ± 108m² situé au 2ème étage et 3ème étage. Il se compose : d’un hall d’entrée, d’un séjour lumineux de ±40m², une terrasse, une cuisine ouverte équipée, 2 chambres (±14m² et ±13m²), une SDB et une SDD, une mezzanine de ±15m². Cave. Libre le 01/10/2025 ! Provision pour charges : 290€/mois (commun, eau froide/chaude, chauffage). PEB: D+. INFOS & VISITES Tel . Visitez aussi notre page Facebook : https://www.facebook.com/Trevi.Est/ ! Mesures données à titre indicatif.;Rue de la Marne 22;Evere;1140;108;1180;1;Duplex;False;False;['https://api-image.immovlan.be/v1/property/VBD40807/images/026c17162de343ab800f4108ceb374e7.jpg/webp/ExtraLarge?mode=pad&format=webp&quality=75', 'https://api-image.immovlan.be/v1/property/VBD40807/images/6f8fb0d9049f452a87966f58e19e4173.jpg/webp/ExtraLarge?mode=pad&format=webp&quality=75', 'https://api-image.immovlan.be/v1/property/VBD40807/images/4956cc5ad9e44f85b265f2ef69e83fc1.jpg/webp/ExtraLarge?mode=pad&format=webp&quality=75', 'https://api-image.immovlan.be/v1/property/VBD40807/images/30d6fd6af7634880b1f97ef1df2352a2.jpg/webp/ExtraLarge?mode=pad&format=webp&quality=75', 'https://api-image.immovlan.be/v1/property/VBD40807/images/20117bfda20141c2b4a4f68db9eea1ca.jpg/webp/ExtraLarge?mode=pad&format=webp&quality=75', 'https://api-image.immovlan.be/v1/property/VBD40807/images/bc6038fa86dd454197934db617fd977f.jpg/webp/ExtraLarge?mode=pad&format=webp&quality=75', 'https://api-image.immovlan.be/v1/property/VBD40807/images/ff8004c663644e90acd5f9f299231db8.jpg/webp/ExtraLarge?mode=pad&format=webp&quality=75', 'https://api-image.immovlan.be/v1/property/VBD40807/images/7eb98c26c3964c0e9e83eb4ab529fa82.jpg/webp/ExtraLarge?mode=pad&format=webp&quality=75', 'https://api-image.immovlan.be/v1/property/VBD40807/images/505dbe814a404715aadd2245c453e0b4.jpg/webp/ExtraLarge?mode=pad&format=webp&quality=75', 'https://api-image.immovlan.be/v1/property/VBD40807/images/54b21997357f42f3ad885360759ddac1.jpg/webp/ExtraLarge?mode=pad&format=webp&quality=75', 'https://api-image.immovlan.be/v1/property/VBD40807/images/ce18bc1e11894aa4ac956447e2004c09.jpg/webp/ExtraLarge?mode=pad&format=webp&quality=75', 'https://api-image.immovlan.be/v1/property/VBD40807/images/8137d3f8c0f1409795d2e94a65242a16.jpg/webp/ExtraLarge?mode=pad&format=webp&quality=75', 'https://api-image.immovlan.be/v1/property/VBD40807/images/9942346057544e0b92e2bf6782120af0.jpg/webp/ExtraLarge?mode=pad&format=webp&quality=75', 'https://api-image.immovlan.be/v1/property/VBD40807/images/01950a3f71ec4146b8d082608cf915a5.jpg/webp/ExtraLarge?mode=pad&format=webp&quality=75', 'https://api-image.immovlan.be/v1/property/VBD40807/images/355dc82f025944b8948a0f84d2446760.jpg/webp/ExtraLarge?mode=pad&format=webp&quality=75', 'https://api-image.immovlan.be/v1/property/VBD40807/images/f9d8dc8481794b95ba8b70b4187c2ca1.jpg/webp/ExtraLarge?mode=pad&format=webp&quality=75'];https://immovlan.be/fr/detail/duplex/a-louer/1140/evere/vbd40807;location
Appartement;"AUDERGHEM, dans un cadre verdoyant et dans une construction récente, ""Résidence Delvaux"", à proximité des transports en commun et des commerces, bel appartement NON MEUBLE de ±95m² habitables. Il se compose d'un hall d'entrée, un living avec une cuisine ouverte super équipée, une terrasse, une buanderie, 2 chambres, une salle de bains, 2 wc et un emplacement de parking intérieur. Ventilation double flux et local vélos. Diponible au 01/11/2025 ! Provision pour charges : 180€/mois (eau chaude et froide, chauffage et communs). PEB: A- 38kgCO²/(m²,an)*.INFOS & VISITES Tel . Visitez aussi notre page Facebook : https://www.facebook.com/Trevi.Est/ ! Mesures données à titre indicatif.";Rue Emile Steeno 12 I1.3.1;Auderghem;1160;95;1370;1;Appartement;False;False;['https://api-image.immovlan.be/v1/property/VBD40706/images/89d563666c504b2da91af2460b0daede.jpg/webp/ExtraLarge?mode=pad&format=webp&quality=75', 'https://api-image.immovlan.be/v1/property/VBD40706/images/973a211da11841aebf2f78d335694c26.jpg/webp/ExtraLarge?mode=pad&format=webp&quality=75', 'https://api-image.immovlan.be/v1/property/VBD40706/images/9a73344a320c4f95b73217a62304991c.jpg/webp/ExtraLarge?mode=pad&format=webp&quality=75', 'https://api-image.immovlan.be/v1/property/VBD40706/images/dc9450ca39b14eafa4b334be5cdba069.jpg/webp/ExtraLarge?mode=pad&format=webp&quality=75', 'https://api-image.immovlan.be/v1/property/VBD40706/images/5a03515031dd4b44a282ed2423b5ecb3.jpg/webp/ExtraLarge?mode=pad&format=webp&quality=75', 'https://api-image.immovlan.be/v1/property/VBD40706/images/3c8a3c2e3d474709b68b9923da8a5462.jpg/webp/ExtraLarge?mode=pad&format=webp&quality=75', 'https://api-image.immovlan.be/v1/property/VBD40706/images/e369f0c1bc4840188b409ef639e2a84d.jpg/webp/ExtraLarge?mode=pad&format=webp&quality=75', 'https://api-image.immovlan.be/v1/property/VBD40706/images/864129f501d54df78a47df1d8781c387.jpg/webp/ExtraLarge?mode=pad&format=webp&quality=75', 'https://api-image.immovlan.be/v1/property/VBD40706/images/5a26e34b8c3042ec8fc6113b9334a47e.jpg/webp/ExtraLarge?mode=pad&format=webp&quality=75', 'https://api-image.immovlan.be/v1/property/VBD40706/images/6872321b6f784acf9cf12c93352eeea0.jpg/webp/ExtraLarge?mode=pad&format=webp&quality=75'];https://immovlan.be/fr/detail/appartement/a-louer/1160/auderghem/vbd40706;location
Maison;AUDERGHEM, dans le quartier du Chant d'Oiseau, proche de toutes commodités (écoles, commerces, transports en commun). Belle maison non-meublée de ±124m² habitables offrant de très beaux volumes. Elle se compose : hall d’entrée, bureau, cuisine équipée, salle-à-manger, terrasse avec une cour intérieure de ± 30m² orientée Sud-Ouest. Au 1er étage : lumineux séjour, 1 salle de bain, WC séparé. Au 2ème étage : 2 chambres de ± 14m² et ± 13m², dont une avec un accès à une terrasse solarium orientée Sud-Ouest. Au sous-sol : une cave. Divers : Screen solaire, faibles charges individuelles. Disponible le 01/01/2026 ! PEB : G - Mesures données à titre indicatif.;Rue Valduc 294;Auderghem;1160;124;1700;1;Maison;False;False;['https://api-image.immovlan.be/v1/property/VBD40340/images/247b74c2ff424781b8a1e5fef4f3e6d0.jpg/webp/ExtraLarge?mode=pad&format=webp&quality=75', 'https://api-image.immovlan.be/v1/property/VBD40340/images/9398c8e18f7a4746838e981ff47f47aa.jpg/webp/ExtraLarge?mode=pad&format=webp&quality=75', 'https://api-image.immovlan.be/v1/property/VBD40340/images/409a1dcdf5e34561b68245bc8ea117e4.jpg/webp/ExtraLarge?mode=pad&format=webp&quality=75', 'https://api-image.immovlan.be/v1/property/VBD40340/images/aceda890586a47e49befd78b81629f13.jpg/webp/ExtraLarge?mode=pad&format=webp&quality=75', 'https://api-image.immovlan.be/v1/property/VBD40340/images/a609698a59e147e58f932edda6032f16.jpg/webp/ExtraLarge?mode=pad&format=webp&quality=75', 'https://api-image.immovlan.be/v1/property/VBD40340/images/f5f02efce3e744f9b71fd6de19dd00b2.jpg/webp/ExtraLarge?mode=pad&format=webp&quality=75', 'https://api-image.immovlan.be/v1/property/VBD40340/images/2e89f33b91924254a5dbbf57aa873138.jpg/webp/ExtraLarge?mode=pad&format=webp&quality=75', 'https://api-image.immovlan.be/v1/property/VBD40340/images/a617096c55c3412faa38b6850a65723a.jpg/webp/ExtraLarge?mode=pad&format=webp&quality=75', 'https://api-image.immovlan.be/v1/property/VBD40340/images/f40b8277d7c94d35839f2d2873b63453.jpg/webp/ExtraLarge?mode=pad&format=webp&quality=75', 'https://api-image.immovlan.be/v1/property/VBD40340/images/5623ef0137d1487abd3ee355bf487647.jpg/webp/ExtraLarge?mode=pad&format=webp&quality=75', 'https://api-image.immovlan.be/v1/property/VBD40340/images/a71f308768d94825897acbce3b279770.jpg/webp/ExtraLarge?mode=pad&format=webp&quality=75', 'https://api-image.immovlan.be/v1/property/VBD40340/images/b1a09be045cf4c0aacea6d013e42f041.jpg/webp/ExtraLarge?mode=pad&format=webp&quality=75', 'https://api-image.immovlan.be/v1/property/VBD40340/images/0768a2d48eda459ca8dc38d0ad523510.jpg/webp/ExtraLarge?mode=pad&format=webp&quality=75', 'https://api-image.immovlan.be/v1/property/VBD40340/images/815e850572714de598e17834bc465040.jpg/webp/ExtraLarge?mode=pad&format=webp&quality=75', 'https://api-image.immovlan.be/v1/property/VBD40340/images/780d1598791a49d88ec7fdacb540776a.jpg/webp/ExtraLarge?mode=pad&format=webp&quality=75', 'https://api-image.immovlan.be/v1/property/VBD40340/images/6184585754544a4b815ea9070c636f13.jpg/webp/ExtraLarge?mode=pad&format=webp&quality=75', 'https://api-image.immovlan.be/v1/property/VBD40340/images/1a3e2fb911af4da5ae13da0544cb2e3a.jpg/webp/ExtraLarge?mode=pad&format=webp&quality=75', 'https://api-image.immovlan.be/v1/property/VBD40340/images/5176de846f9d4311bed4e34f6834c8bb.jpg/webp/ExtraLarge?mode=pad&format=webp&quality=75', 'https://api-image.immovlan.be/v1/property/VBD40340/images/6c6c5a3b73f740b89dbf7ace9a084493.jpg/webp/ExtraLarge?mode=pad&format=webp&quality=75', 'https://api-image.immovlan.be/v1/property/VBD40340/images/2a12b75650434966a7d8baaf6b7ffb15.jpg/webp/ExtraLarge?mode=pad&format=webp&quality=75'];https://immovlan.be/fr/detail/maison/a-louer/1160/auderghem/vbd40340;location
Maison;Parc Josaphat / Louis Bertrand. Belle maison lumineuse dans un clos privatif sécurisé avec jardin et 2 terrasses privatives. 2 Chambres, hall d'entrée avec vestiaire, grand living, cuisine américaine full-équipée, 1 salle de bain, 1 salle de douche, 2 toilettes séparées et une buanderie. Cave privative, Local vélo commun. Charges: 200€/mois (entretien des parties communes, des haies et des pelouses + concierge + assurance abandon de recours + entretien de la chaudière). Possibilité de parking en sous-sol (120€/mois). Faibles consommations énergétiques. Proche des commerces et transports en communs. BAIL de SOCIETE et COLOCATION possible. A voir absolument ! Tel de préférence via WhatsApp;Rue des Coteaux 237;Schaerbeek;1030;129;1600;1;Maison;False;False;['https://api-image.immovlan.be/v1/property/VBD39254/images/464648bc387545689ca1a54618b25828.jpg/webp/ExtraLarge?mode=pad&format=webp&quality=75', 'https://api-image.immovlan.be/v1/property/VBD39254/images/51d9368d567d4eef9c972e1d2c199f5c.jpg/webp/ExtraLarge?mode=pad&format=webp&quality=75', 'https://api-image.immovlan.be/v1/property/VBD39254/images/40ea28ad1c38427a8d4891dddc44570d.jpg/webp/ExtraLarge?mode=pad&format=webp&quality=75', 'https://api-image.immovlan.be/v1/property/VBD39254/images/45d6386a82ec448c82678f09407e6d09.jpg/webp/ExtraLarge?mode=pad&format=webp&quality=75', 'https://api-image.immovlan.be/v1/property/VBD39254/images/b40e43d40dd54243bb62777c95d81f49.jpg/webp/ExtraLarge?mode=pad&format=webp&quality=75', 'https://api-image.immovlan.be/v1/property/VBD39254/images/35b7b418400945bd9e74b62e94c1c208.jpg/webp/ExtraLarge?mode=pad&format=webp&quality=75', 'https://api-image.immovlan.be/v1/property/VBD39254/images/f97e67cbb5ba4dd6859ffa5f4e36e21f.jpg/webp/ExtraLarge?mode=pad&format=webp&quality=75', 'https://api-image.immovlan.be/v1/property/VBD39254/images/df08ba557bd949d0ba027fb00d74b1cf.jpg/webp/ExtraLarge?mode=pad&format=webp&quality=75', 'https://api-image.immovlan.be/v1/property/VBD39254/images/451c3e769da24a74993f754bc48da1d3.jpg/webp/ExtraLarge?mode=pad&format=webp&quality=75', 'https://api-image.immovlan.be/v1/property/VBD39254/images/18f16d9429404a54a613fc194905e682.jpg/webp/ExtraLarge?mode=pad&format=webp&quality=75', 'https://api-image.immovlan.be/v1/property/VBD39254/images/f1e1ad01ae9c4dc9bb0e5496f5e3f12e.jpg/webp/ExtraLarge?mode=pad&format=webp&quality=75', 'https://api-image.immovlan.be/v1/property/VBD39254/images/a36baac46b2f436bbe59241b4b5dd2d4.jpg/webp/ExtraLarge?mode=pad&format=webp&quality=75', 'https://api-image.immovlan.be/v1/property/VBD39254/images/26454ac860d940fd8e4fad2d9b51312e.jpg/webp/ExtraLarge?mode=pad&format=webp&quality=75', 'https://api-image.immovlan.be/v1/property/VBD39254/images/743a5f56b97f4ac29f36e401281e7846.jpg/webp/ExtraLarge?mode=pad&format=webp&quality=75', 'https://api-image.immovlan.be/v1/property/VBD39254/images/9a1287f10c45491fb76a380417168d54.jpg/webp/ExtraLarge?mode=pad&format=webp&quality=75', 'https://api-image.immovlan.be/v1/property/VBD39254/images/89f485a1d34e449bb14806ecc6f375bd.jpg/webp/ExtraLarge?mode=pad&format=webp&quality=75', 'https://api-image.immovlan.be/v1/property/VBD39254/images/49ddbc2d09cc48b58d1b65acc8a51db4.jpg/webp/ExtraLarge?mode=pad&format=webp&quality=75', 'https://api-image.immovlan.be/v1/property/VBD39254/images/e5f5541f273148e9b703e8c18cca8aef.jpg/webp/ExtraLarge?mode=pad&format=webp&quality=75', 'https://api-image.immovlan.be/v1/property/VBD39254/images/01e3af942e504f2683b4624ac4575eaf.jpg/webp/ExtraLarge?mode=pad&format=webp&quality=75', 'https://api-image.immovlan.be/v1/property/VBD39254/images/5b3c3af7fa9e41fc900c0e430b576d8a.jpg/webp/ExtraLarge?mode=pad&format=webp&quality=75', 'https://api-image.immovlan.be/v1/property/VBD39254/images/7b45899435084447bef74592af402c07.jpg/webp/ExtraLarge?mode=pad&format=webp&quality=75', 'https://api-image.immovlan.be/v1/property/VBD39254/images/087c78eff5a74ea395c043820f0c0ba1.jpg/webp/ExtraLarge?mode=pad&format=webp&quality=75', 'https://api-image.immovlan.be/v1/property/VBD39254/images/59cb3408582a46d7ae56d11f84b83dd5.jpg/webp/ExtraLarge?mode=pad&format=webp&quality=75', 'https://api-image.immovlan.be/v1/property/VBD39254/images/7eade999e55c46ff9b9d97a3dc3f6a2f.jpg/webp/ExtraLarge?mode=pad&format=webp&quality=75', 'https://api-image.immovlan.be/v1/property/VBD39254/images/34835186bd3e453a9483aab10b9729a2.jpg/webp/ExtraLarge?mode=pad&format=webp&quality=75', 'https://api-image.immovlan.be/v1/property/VBD39254/images/b37f2f7ae351492a90a5e8676aa467f3.jpg/webp/ExtraLarge?mode=pad&format=webp&quality=75', 'https://api-image.immovlan.be/v1/property/VBD39254/images/ae37ec3f0b2d41a693a9191ef5a219fd.jpg/webp/ExtraLarge?mode=pad&format=webp&quality=75', 'https://api-image.immovlan.be/v1/property/VBD39254/images/8cf21618e24c4e98914f88a8b60d9498.jpg/webp/ExtraLarge?mode=pad&format=webp&quality=75', 'https://api-image.immovlan.be/v1/property/VBD39254/images/a0c9ce28e9f04c4e8b50826d6d32adb8.jpg/webp/ExtraLarge?mode=pad&format=webp&quality=75', 'https://api-image.immovlan.be/v1/property/VBD39254/images/5b605b841dd74d5aa7e934d371bd9d0a.jpg/webp/ExtraLarge?mode=pad&format=webp&quality=75', 'https://api-image.immovlan.be/v1/property/VBD39254/images/f5d3abcbd8b84c29a3c3017bb51d9846.jpg/webp/ExtraLarge?mode=pad&format=webp&quality=75', 'https://api-image.immovlan.be/v1/property/VBD39254/images/59fbbd925aab48a4be723fd06fd468db.jpg/webp/ExtraLarge?mode=pad&format=webp&quality=75', 'https://api-image.immovlan.be/v1/property/VBD39254/images/7925afebff8b4881b9d06fc0618d57db.jpg/webp/ExtraLarge?mode=pad&format=webp&quality=75', 'https://api-image.immovlan.be/v1/property/VBD39254/images/5ceeff945054442d938e6d8f24779521.jpg/webp/ExtraLarge?mode=pad&format=webp&quality=75'];https://immovlan.be/fr/detail/maison/a-louer/1030/schaerbeek/vbd39254;location
Loft;"Loft 1 chambre - PEB B - Hammam - Terrasse de 30 m²

Le loft se compose d’un hall d’entrée avec couloir distribuant un WC, une buanderie, un grand garde-manger, un bureau spacieux, ainsi qu’un vaste espace de vie avec une cuisine ouverte super équipée donnant accès à une grande terrasse de 30 m². Il comprend également une chambre avec son dressing sur mesure, une salle de bain élégante avec WC ainsi qu’un hammam privé avec douche intégrée, offrant un véritable espace bien-être.

Chauffage au Sol, Porte vitrée pliante (type accordéon), table à manger électrique réglable, adoucisseur d'eau et possibilité de meubler partiellement sur demande. Une machine à laver, un séchoir et un frigo américain sont inclus dans la location.

Les charges de 75€ comprennent l'entretien des communs (l'ascenseur, l'électricité, nettoyage etc.) et internet. PEB B, 88 kWhEP/m²/an, 17 kgCO²/m²/an - Code: 20230823-0000653404-01-7.
Tout voir";Rue Jean-Baptiste Decock 5;Molenbeek-Saint-Jean;1080;150;1690;1;Loft;False;False;['https://api-image.immovlan.be/v1/property/VBD35826/images/70ec977bf36e4f5b8847a72f300f6124.jpg/webp/ExtraLarge?mode=pad&format=webp&quality=75', 'https://api-image.immovlan.be/v1/property/VBD35826/images/fe150fdefe2c4294b320a992bcc4f922.jpg/webp/ExtraLarge?mode=pad&format=webp&quality=75', 'https://api-image.immovlan.be/v1/property/VBD35826/images/8d1b9236c2ba4200bb2e2d05a97c2c03.jpg/webp/ExtraLarge?mode=pad&format=webp&quality=75', 'https://api-image.immovlan.be/v1/property/VBD35826/images/0db54a8e5a1f4e098ee728b2ce34d1bb.jpg/webp/ExtraLarge?mode=pad&format=webp&quality=75', 'https://api-image.immovlan.be/v1/property/VBD35826/images/15ca06892dda4b908700c9de5b8497e3.jpg/webp/ExtraLarge?mode=pad&format=webp&quality=75', 'https://api-image.immovlan.be/v1/property/VBD35826/images/e36d20bbfbcf42dcbafd26f1095e1ee2.jpg/webp/ExtraLarge?mode=pad&format=webp&quality=75', 'https://api-image.immovlan.be/v1/property/VBD35826/images/31b0406ba096424d84e2ac0848d1ffb8.jpg/webp/ExtraLarge?mode=pad&format=webp&quality=75', 'https://api-image.immovlan.be/v1/property/VBD35826/images/698de5bd00b746d9bb1ea6a009cc75e4.jpg/webp/ExtraLarge?mode=pad&format=webp&quality=75', 'https://api-image.immovlan.be/v1/property/VBD35826/images/7e74ba47ec424b5e9f4dc68ed4e4f178.jpg/webp/ExtraLarge?mode=pad&format=webp&quality=75', 'https://api-image.immovlan.be/v1/property/VBD35826/images/415e04e449bd47ab94726f5d0a881992.jpg/webp/ExtraLarge?mode=pad&format=webp&quality=75', 'https://api-image.immovlan.be/v1/property/VBD35826/images/af567d6e74aa44d09173a1494f9497af.jpg/webp/ExtraLarge?mode=pad&format=webp&quality=75', 'https://api-image.immovlan.be/v1/property/VBD35826/images/8b7e28f8c8d447789b8c0599b8d2f68f.jpg/webp/ExtraLarge?mode=pad&format=webp&quality=75', 'https://api-image.immovlan.be/v1/property/VBD35826/images/e96dbe1b5a2c4313a997f7cd093f0330.jpg/webp/ExtraLarge?mode=pad&format=webp&quality=75', 'https://api-image.immovlan.be/v1/property/VBD35826/images/a1877637ac7b44d681a818e76e5d3226.jpg/webp/ExtraLarge?mode=pad&format=webp&quality=75'];https://immovlan.be/fr/detail/loft/a-louer/1080/molenbeek-saint-jean/vbd35826;location
Duplex;Dansaert - Sainte-Catherine - Duplex deux chambres de +/-80m² situé au 4ième étage et combles. L'appartement se compose d'une lumineuse salle de séjour de près de 28m², d'une cuisine équipée, de deux chambres (14 et 16m²), d'une salle de bains avec wc, d'un wc invité avec espace buanderie et d'une cave. Charges: €225/mois (communs, assurance locative, chauffage, eau chaude et froide). PEB: E. Pour infos et visites: Tel ou Contact;rue Antoine Dansaert 73;Bruxelles;1000;80;1250;1;Duplex;False;False;['https://api-image.immovlan.be/v1/property/VBD43901/images/0ca6ddcebffc4ca7bf35547dc2957802.jpg/webp/ExtraLarge?mode=pad&format=webp&quality=75', 'https://api-image.immovlan.be/v1/property/VBD43901/images/e013b571e558448d872a6e650ff28721.jpg/webp/ExtraLarge?mode=pad&format=webp&quality=75', 'https://api-image.immovlan.be/v1/property/VBD43901/images/ce587f7ff70f4f40a91b8356ccce57bd.jpg/webp/ExtraLarge?mode=pad&format=webp&quality=75', 'https://api-image.immovlan.be/v1/property/VBD43901/images/474913ef796f4801a3be19db863ba80b.jpg/webp/ExtraLarge?mode=pad&format=webp&quality=75', 'https://api-image.immovlan.be/v1/property/VBD43901/images/bb6ca87dece74295a69b92b86da9f9ef.jpg/webp/ExtraLarge?mode=pad&format=webp&quality=75', 'https://api-image.immovlan.be/v1/property/VBD43901/images/a54e1b693e6c456e9313569575159255.jpg/webp/ExtraLarge?mode=pad&format=webp&quality=75', 'https://api-image.immovlan.be/v1/property/VBD43901/images/b6d39ba8abf14e13b9d08d74eebcd910.jpg/webp/ExtraLarge?mode=pad&format=webp&quality=75', 'https://api-image.immovlan.be/v1/property/VBD43901/images/6057ccf9dd914825bb84a08eba894442.jpg/webp/ExtraLarge?mode=pad&format=webp&quality=75', 'https://api-image.immovlan.be/v1/property/VBD43901/images/1bbf26df5fa84ad3b8f108bfae767c90.jpg/webp/ExtraLarge?mode=pad&format=webp&quality=75', 'https://api-image.immovlan.be/v1/property/VBD43901/images/622a39d9de9a42619b7b513290c9309a.jpg/webp/ExtraLarge?mode=pad&format=webp&quality=75', 'https://api-image.immovlan.be/v1/property/VBD43901/images/98877b4192154464b57f44be616ed957.jpg/webp/ExtraLarge?mode=pad&format=webp&quality=75', 'https://api-image.immovlan.be/v1/property/VBD43901/images/11c361c91b9049529b8af3c56183f208.jpg/webp/ExtraLarge?mode=pad&format=webp&quality=75', 'https://api-image.immovlan.be/v1/property/VBD43901/images/2c3a99107b56410787222e2c2f7260e0.jpg/webp/ExtraLarge?mode=pad&format=webp&quality=75', 'https://api-image.immovlan.be/v1/property/VBD43901/images/7a0b76a8ee4a4f51b528d87a69de2189.jpg/webp/ExtraLarge?mode=pad&format=webp&quality=75', 'https://api-image.immovlan.be/v1/property/VBD43901/images/0a82727dc5cf4cebb44c49475d2e53df.jpg/webp/ExtraLarge?mode=pad&format=webp&quality=75', 'https://api-image.immovlan.be/v1/property/VBD43901/images/465d645d9a454e0296b6dda1b6ad581f.jpg/webp/ExtraLarge?mode=pad&format=webp&quality=75', 'https://api-image.immovlan.be/v1/property/VBD43901/images/a859ab47d8294334a18b36e5841faf73.jpg/webp/ExtraLarge?mode=pad&format=webp&quality=75', 'https://api-image.immovlan.be/v1/property/VBD43901/images/77c7090282e046388d73198b89525519.jpg/webp/ExtraLarge?mode=pad&format=webp&quality=75'];https://immovlan.be/fr/detail/duplex/a-louer/1000/bruxelles/vbd43901;location
Duplex;BRUXELLES, idéalement situé à proximité du square Marie-Louise et des institutions européennes, APPARTEMENT MEUBLÉ (2Ch/1Sdd) de ± 70 m². Au 3ème étage sans ascenseur d'une belle maison de maître, il se compose d'un hall d'entrée, lumineux séjour de ± 25 m² et une cuisine séparée. Deux belles chambres (16,5 et 17 m²) et une salle de douche avec machine à laver. Faibles charges : 50 euros provision (entretien des communs). PEB G (755). Libre immédiatement. À découvrir chez L&P!;Rue Philippe Le Bon 64;Bruxelles;1000;70;1200;1;Duplex;False;False;['https://api-image.immovlan.be/v1/property/VBD43890/images/178c448530da475bb1faec544e3da95f.jpg/webp/ExtraLarge?mode=pad&format=webp&quality=75', 'https://api-image.immovlan.be/v1/property/VBD43890/images/733cf9453b644d388b73729469cd2226.jpg/webp/ExtraLarge?mode=pad&format=webp&quality=75', 'https://api-image.immovlan.be/v1/property/VBD43890/images/6c221bc09dcb4f68a48d68e995f72c84.jpg/webp/ExtraLarge?mode=pad&format=webp&quality=75', 'https://api-image.immovlan.be/v1/property/VBD43890/images/4b68a61ecdef462f96440ee4f7a28aeb.jpg/webp/ExtraLarge?mode=pad&format=webp&quality=75', 'https://api-image.immovlan.be/v1/property/VBD43890/images/f5c8854f17eb41cba5ba9f759658c699.jpg/webp/ExtraLarge?mode=pad&format=webp&quality=75', 'https://api-image.immovlan.be/v1/property/VBD43890/images/14607cf8a01841f2845565ac5ea3013b.jpg/webp/ExtraLarge?mode=pad&format=webp&quality=75', 'https://api-image.immovlan.be/v1/property/VBD43890/images/f70da7ff694e41f69e6ed07c99cc3fe9.jpg/webp/ExtraLarge?mode=pad&format=webp&quality=75', 'https://api-image.immovlan.be/v1/property/VBD43890/images/e7ba078e080649daaea07cae8191e97e.jpg/webp/ExtraLarge?mode=pad&format=webp&quality=75', 'https://api-image.immovlan.be/v1/property/VBD43890/images/74182a875d154ff6a40ed0e5c9b919db.jpg/webp/ExtraLarge?mode=pad&format=webp&quality=75', 'https://api-image.immovlan.be/v1/property/VBD43890/images/cb5312df3caf4c1fbfa3a0f28ed59202.jpg/webp/ExtraLarge?mode=pad&format=webp&quality=75', 'https://api-image.immovlan.be/v1/property/VBD43890/images/7a9c6bf04c294eaab998de717e0a58c8.jpg/webp/ExtraLarge?mode=pad&format=webp&quality=75', 'https://api-image.immovlan.be/v1/property/VBD43890/images/02b6ecf7e659425eb9fab2f629720a6b.jpg/webp/ExtraLarge?mode=pad&format=webp&quality=75', 'https://api-image.immovlan.be/v1/property/VBD43890/images/8c3c32db70d7453b993a8fe724d9befd.jpg/webp/ExtraLarge?mode=pad&format=webp&quality=75', 'https://api-image.immovlan.be/v1/property/VBD43890/images/6e8910a8a5ae42dc9abb5c73aaf8a96d.jpg/webp/ExtraLarge?mode=pad&format=webp&quality=75', 'https://api-image.immovlan.be/v1/property/VBD43890/images/aacf8ba8d1884271a5a12d3cec7ef78e.jpg/webp/ExtraLarge?mode=pad&format=webp&quality=75', 'https://api-image.immovlan.be/v1/property/VBD43890/images/27ff64b01f9f4479a6704ce1b6f3aa73.jpg/webp/ExtraLarge?mode=pad&format=webp&quality=75', 'https://api-image.immovlan.be/v1/property/VBD43890/images/a86a86aa09a748eab1a8cbdbcbd140f6.jpg/webp/ExtraLarge?mode=pad&format=webp&quality=75', 'https://api-image.immovlan.be/v1/property/VBD43890/images/dd94481a5cc449f6915ab006e5978fa2.png/webp/ExtraLarge?mode=pad&format=webp&quality=75'];https://immovlan.be/fr/detail/duplex/a-louer/1000/bruxelles/vbd43890;location
Penthouse;BRUXELLES – sur la célèbre avenue de la Toison d’Or, situé au 7ième étage d’une résidence prestigieuse, penthouse NEUF 3 chambres d’exception de ±211m² offre des volumes remarquables et deux vastes terrasses de ±85m² et ±46m². L’appartement se compose d’un hall d’entrée avec porte blindée, vestiaire, WC séparé, buanderie et local technique. Le spacieux séjour de ±62 m² s’ouvre sur une cuisine ouverte, entièrement équipée, avec accès direct à la terrasse principale de ±85m² exposée Ouest. L’espace nuit se répartit en trois parties distinctes : Une première chambre de ±20 m² avec salle de bains attenante et accès à la terrasse de ±46m² exposée Est. Une suite parentale de ±37 m² comprenant dressing, chambre de ±14 m², salle d’eau ouverte et accès à la même terrasse exposée Est. Une troisième chambre de ±14 m² avec salle de douche et également accès à la terrasse Est. Le bien dispose en outre de 4 emplacements de parking optionnels (175 €/mois/emplacement) et de 2 caves. Provision de charges pour les communs et la conciergerie : 500€/mois. PEB : B. Libre immédiatement pour une première occupation. Mesures données à titre indicatif.;Avenue de la Toison d'Or 19;Bruxelles;1000;211;4600;1;Penthouse;False;False;['https://api-image.immovlan.be/v1/property/VBD43853/images/463eca7b28fb4d8ab945aee78aa5aafb.jpg/webp/ExtraLarge?mode=pad&format=webp&quality=75', 'https://api-image.immovlan.be/v1/property/VBD43853/images/618331cfbaa74889873fa2632522c653.jpg/webp/ExtraLarge?mode=pad&format=webp&quality=75', 'https://api-image.immovlan.be/v1/property/VBD43853/images/3cd15bd9caab4b5da91c2879a7333feb.jpg/webp/ExtraLarge?mode=pad&format=webp&quality=75', 'https://api-image.immovlan.be/v1/property/VBD43853/images/f6980f7f038a4d3d8a5554e8ea3e9207.jpg/webp/ExtraLarge?mode=pad&format=webp&quality=75', 'https://api-image.immovlan.be/v1/property/VBD43853/images/01a8327b3ccd439aa616f506fce3ba1c.jpg/webp/ExtraLarge?mode=pad&format=webp&quality=75', 'https://api-image.immovlan.be/v1/property/VBD43853/images/b10ce7c6123c4fa1af448e8ad2e59ba8.jpg/webp/ExtraLarge?mode=pad&format=webp&quality=75', 'https://api-image.immovlan.be/v1/property/VBD43853/images/f7da1a82ac8c4278825868c31618b5bc.jpg/webp/ExtraLarge?mode=pad&format=webp&quality=75', 'https://api-image.immovlan.be/v1/property/VBD43853/images/f7b4d495d24b4004adbb723be60554b6.jpg/webp/ExtraLarge?mode=pad&format=webp&quality=75', 'https://api-image.immovlan.be/v1/property/VBD43853/images/742ec6a66dee47fa99ccf7ee601c50ed.jpg/webp/ExtraLarge?mode=pad&format=webp&quality=75', 'https://api-image.immovlan.be/v1/property/VBD43853/images/835f5dc12c4e45de948b992260bed902.jpg/webp/ExtraLarge?mode=pad&format=webp&quality=75', 'https://api-image.immovlan.be/v1/property/VBD43853/images/b033c4ddd4d94c82a31392ba8d134849.jpg/webp/ExtraLarge?mode=pad&format=webp&quality=75', 'https://api-image.immovlan.be/v1/property/VBD43853/images/b7f4d8d97f1a448f8706629126353c57.jpg/webp/ExtraLarge?mode=pad&format=webp&quality=75', 'https://api-image.immovlan.be/v1/property/VBD43853/images/1d5f6834a24343248d68b8be81f3b1cd.jpg/webp/ExtraLarge?mode=pad&format=webp&quality=75', 'https://api-image.immovlan.be/v1/property/VBD43853/images/e222b4ac5c0f47d2929a1fc7f16c5ee9.jpg/webp/ExtraLarge?mode=pad&format=webp&quality=75', 'https://api-image.immovlan.be/v1/property/VBD43853/images/35b644ea373d413890863cfa5fa10828.jpg/webp/ExtraLarge?mode=pad&format=webp&quality=75', 'https://api-image.immovlan.be/v1/property/VBD43853/images/5f7c5a322c814a56b9a522d2e834e04c.jpg/webp/ExtraLarge?mode=pad&format=webp&quality=75', 'https://api-image.immovlan.be/v1/property/VBD43853/images/a27a38cf26104af6835dd98c3b1f8c67.jpg/webp/ExtraLarge?mode=pad&format=webp&quality=75', 'https://api-image.immovlan.be/v1/property/VBD43853/images/14f8e3a626824c77892bc8abf33ff092.jpg/webp/ExtraLarge?mode=pad&format=webp&quality=75', 'https://api-image.immovlan.be/v1/property/VBD43853/images/990c467b45d14b5cbc11300725469f6f.jpg/webp/ExtraLarge?mode=pad&format=webp&quality=75', 'https://api-image.immovlan.be/v1/property/VBD43853/images/591554e58b0e49d8b0bb243a98709288.jpg/webp/ExtraLarge?mode=pad&format=webp&quality=75', 'https://api-image.immovlan.be/v1/property/VBD43853/images/2a4805a6f3c2421faf31092cc3daf39e.jpg/webp/ExtraLarge?mode=pad&format=webp&quality=75', 'https://api-image.immovlan.be/v1/property/VBD43853/images/142cab9264444202b7340501b56e258c.jpg/webp/ExtraLarge?mode=pad&format=webp&quality=75', 'https://api-image.immovlan.be/v1/property/VBD43853/images/ac08c5e017a74a518bd47850a222ccb5.jpg/webp/ExtraLarge?mode=pad&format=webp&quality=75', 'https://api-image.immovlan.be/v1/property/VBD43853/images/4a3ee308c93e4ffba1479599a9621641.jpg/webp/ExtraLarge?mode=pad&format=webp&quality=75', 'https://api-image.immovlan.be/v1/property/VBD43853/images/7f69b9d1be314d06a98bcbe74fb87e12.jpg/webp/ExtraLarge?mode=pad&format=webp&quality=75', 'https://api-image.immovlan.be/v1/property/VBD43853/images/bac4ab373cc944aca4142bccc9d30b7c.jpg/webp/ExtraLarge?mode=pad&format=webp&quality=75', 'https://api-image.immovlan.be/v1/property/VBD43853/images/1ec4bcd1c7894605a6b632359e99048e.jpg/webp/ExtraLarge?mode=pad&format=webp&quality=75', 'https://api-image.immovlan.be/v1/property/VBD43853/images/1db916dbb8a6430bb2f5e58256da2bd9.jpg/webp/ExtraLarge?mode=pad&format=webp&quality=75', 'https://api-image.immovlan.be/v1/property/VBD43853/images/ea84e140db574b8eaa4b4fa6fd8c91ca.jpg/webp/ExtraLarge?mode=pad&format=webp&quality=75'];https://immovlan.be/fr/detail/penthouse/a-louer/1000/bruxelles/vbd43853;location
Appartement;BRUXELLES, aux abords du quartier Dansaert et à deux pas de la Bourse, dans un immeuble neuf (2023), superbe duplex meublé de ±105m², comprenant: hall d'entrée, vestiaire, wc séparé, lumineux living, terrasse, cuisine ouverte full équipée, 3 chambres, 1 salle de bain, 1 salle de douche, wc séparé, espace buanderie. Parquet et double vitrage partout. 1 cave individuelle, local poubelle, local poussette et local vélo. Libre au 1er novembre 2025. Bail société possible (2 ans minimum). Charges 130€/mois (communs, entretien chaudière, assurance). Pour conditions et visites: Tel / Contact / www.tribel-immo.be (PEB: B);Rue du Colombier 12-14;Bruxelles;1000;105;2200;1;Appartement;False;False;['https://api-image.immovlan.be/v1/property/VBD43749/images/63794f1ce04346b3bd1647e259038101.jpg/webp/ExtraLarge?mode=pad&format=webp&quality=75', 'https://api-image.immovlan.be/v1/property/VBD43749/images/4bf266efd98a4983913bdbf4749fd59e.jpg/webp/ExtraLarge?mode=pad&format=webp&quality=75', 'https://api-image.immovlan.be/v1/property/VBD43749/images/ca703046097d48c2bfea406bb11d2392.jpg/webp/ExtraLarge?mode=pad&format=webp&quality=75', 'https://api-image.immovlan.be/v1/property/VBD43749/images/48eb6ccbd92f4dbf8a066130c22847d9.jpg/webp/ExtraLarge?mode=pad&format=webp&quality=75', 'https://api-image.immovlan.be/v1/property/VBD43749/images/7c5d535aa99f45c4b921508e56c9185f.jpg/webp/ExtraLarge?mode=pad&format=webp&quality=75', 'https://api-image.immovlan.be/v1/property/VBD43749/images/e1b533fcc6bc43ee9dc8aa3afa775b9e.jpg/webp/ExtraLarge?mode=pad&format=webp&quality=75', 'https://api-image.immovlan.be/v1/property/VBD43749/images/e28ed649c5a24d8886275bdce44a15e8.jpg/webp/ExtraLarge?mode=pad&format=webp&quality=75', 'https://api-image.immovlan.be/v1/property/VBD43749/images/70bca251fc374e80b20510785e24f21d.jpg/webp/ExtraLarge?mode=pad&format=webp&quality=75', 'https://api-image.immovlan.be/v1/property/VBD43749/images/780fbfc8a4ba411a99e517030dea1868.jpg/webp/ExtraLarge?mode=pad&format=webp&quality=75', 'https://api-image.immovlan.be/v1/property/VBD43749/images/9715a87147694cf48dd52193258f91be.jpg/webp/ExtraLarge?mode=pad&format=webp&quality=75', 'https://api-image.immovlan.be/v1/property/VBD43749/images/3f9566d67a7f4eb283b384ff3d0e61ae.jpg/webp/ExtraLarge?mode=pad&format=webp&quality=75', 'https://api-image.immovlan.be/v1/property/VBD43749/images/48f50bca57f748a487db766375db9a86.jpg/webp/ExtraLarge?mode=pad&format=webp&quality=75', 'https://api-image.immovlan.be/v1/property/VBD43749/images/0ef2fce1b5f74dee80cee5a606dca185.jpg/webp/ExtraLarge?mode=pad&format=webp&quality=75', 'https://api-image.immovlan.be/v1/property/VBD43749/images/586e940a5aad4c278b2172d50d1ef462.jpg/webp/ExtraLarge?mode=pad&format=webp&quality=75', 'https://api-image.immovlan.be/v1/property/VBD43749/images/496d5c1792aa49399950c2d50057560e.jpg/webp/ExtraLarge?mode=pad&format=webp&quality=75', 'https://api-image.immovlan.be/v1/property/VBD43749/images/555bd0bb13694475b54c97a27ed3eb4f.jpg/webp/ExtraLarge?mode=pad&format=webp&quality=75', 'https://api-image.immovlan.be/v1/property/VBD43749/images/10ed954795a14eff97edc1d9a4fa70e9.jpg/webp/ExtraLarge?mode=pad&format=webp&quality=75', 'https://api-image.immovlan.be/v1/property/VBD43749/images/c4940563d2f848c98db04554a5c71139.jpg/webp/ExtraLarge?mode=pad&format=webp&quality=75', 'https://api-image.immovlan.be/v1/property/VBD43749/images/b8d3f58050a4456da214ffe9d9a1c983.jpg/webp/ExtraLarge?mode=pad&format=webp&quality=75', 'https://api-image.immovlan.be/v1/property/VBD43749/images/4e18a5238cf148f38ef44f320cb91851.jpg/webp/ExtraLarge?mode=pad&format=webp&quality=75'];https://immovlan.be/fr/detail/appartement/a-louer/1000/bruxelles/vbd43749;location
Appartement;BRUXELLES, aux abords du quartier Dansaert et à deux pas de la Bourse, dans un immeuble neuf (2023), superbe appartement meublé de +/- 43m², comprenant: hall d'entrée, lumineux living, cuisine full équipée, 1 chambre, 1 salle de douche, wc séparé, espace buanderie équipé. Parquet et double vitrage partout. 1 cave individuelle, local poubelle, local poussette et local vélo. Libre au 1er novembre 2025. Bail de 2 ans minimum. Bail société possible!!! Charges: 130€/mois (assurance, communs, entretien chaudière) Pour conditions et visites: Tel / Contact / www.tribel-immo.be (PEB: B+);Rue du Colombier 12-14;Bruxelles;1000;43;1300;1;Appartement;False;False;['https://api-image.immovlan.be/v1/property/VBD43748/images/0c95613c5e16464baa4f8f489e4ce911.jpg/webp/ExtraLarge?mode=pad&format=webp&quality=75', 'https://api-image.immovlan.be/v1/property/VBD43748/images/afba616dd37b44f683463871d9bca77a.jpg/webp/ExtraLarge?mode=pad&format=webp&quality=75', 'https://api-image.immovlan.be/v1/property/VBD43748/images/5edf4722a4ed4310895a9aba813ceee3.jpg/webp/ExtraLarge?mode=pad&format=webp&quality=75', 'https://api-image.immovlan.be/v1/property/VBD43748/images/6b396d1387be4599a4b07be423c4bc9a.jpg/webp/ExtraLarge?mode=pad&format=webp&quality=75', 'https://api-image.immovlan.be/v1/property/VBD43748/images/3b082a426a5044569a62c3c254b59614.jpg/webp/ExtraLarge?mode=pad&format=webp&quality=75', 'https://api-image.immovlan.be/v1/property/VBD43748/images/5c7b0e1f89b645ba86ff283dbb2ffdba.jpg/webp/ExtraLarge?mode=pad&format=webp&quality=75', 'https://api-image.immovlan.be/v1/property/VBD43748/images/308c72ec21b7476eb94e6f9fd51a1033.jpg/webp/ExtraLarge?mode=pad&format=webp&quality=75', 'https://api-image.immovlan.be/v1/property/VBD43748/images/3047fd283a53413896e285193329b3a2.jpg/webp/ExtraLarge?mode=pad&format=webp&quality=75', 'https://api-image.immovlan.be/v1/property/VBD43748/images/7acb99ddd5a6480ca431cb17b4a23307.jpg/webp/ExtraLarge?mode=pad&format=webp&quality=75', 'https://api-image.immovlan.be/v1/property/VBD43748/images/bd0f776f8bf24afe86deaee904db7b17.jpg/webp/ExtraLarge?mode=pad&format=webp&quality=75', 'https://api-image.immovlan.be/v1/property/VBD43748/images/2bf13aec209746b2aaf59b7e5bf5a90c.jpg/webp/ExtraLarge?mode=pad&format=webp&quality=75'];https://immovlan.be/fr/detail/appartement/a-louer/1000/bruxelles/vbd43748;location
Appartement;BRUXELLES, aux abords du quartier Dansaert et à deux pas de la Bourse, dans un immeuble neuf (2023), superbe appartement meublé de +/- 42m², comprenant: hall d'entrée, lumineux living, cuisine full équipée, 1 chambre, 1 salle de douche, wc séparé, espace buanderie équipé. Parquet et double vitrage partout. 1 cave individuelle, local poubelle, local poussette et local vélo. Libre directement. Bail société possible. BAIL DE 2 ANS MINIMUM. Pour conditions et visites: Tel / Contact / www.tribel-immo.be (PEB: B);Rue du Colombier 12-14;Bruxelles;1000;42;1250;1;Appartement;False;False;['https://api-image.immovlan.be/v1/property/VBD43747/images/aac5981b7d1f43208685e6bc585a89c6.jpg/webp/ExtraLarge?mode=pad&format=webp&quality=75', 'https://api-image.immovlan.be/v1/property/VBD43747/images/95235b39aa1147a09e4e34cfcf847c16.jpg/webp/ExtraLarge?mode=pad&format=webp&quality=75', 'https://api-image.immovlan.be/v1/property/VBD43747/images/6798e2f9ddfa4f029630df5d4e41169d.jpg/webp/ExtraLarge?mode=pad&format=webp&quality=75', 'https://api-image.immovlan.be/v1/property/VBD43747/images/05b0c2ba51a84f4ea652792f065e11c4.jpg/webp/ExtraLarge?mode=pad&format=webp&quality=75', 'https://api-image.immovlan.be/v1/property/VBD43747/images/a2fa403ad18e44c2ac96a0da007b167e.jpg/webp/ExtraLarge?mode=pad&format=webp&quality=75', 'https://api-image.immovlan.be/v1/property/VBD43747/images/ce99e1051f6a4dc1b68dae9aa1cb4a8b.jpg/webp/ExtraLarge?mode=pad&format=webp&quality=75', 'https://api-image.immovlan.be/v1/property/VBD43747/images/b3b8810e930644aa982f28e716ff8e11.jpg/webp/ExtraLarge?mode=pad&format=webp&quality=75', 'https://api-image.immovlan.be/v1/property/VBD43747/images/6c8168652b8d4ffe95c3c197e7a50b75.jpg/webp/ExtraLarge?mode=pad&format=webp&quality=75', 'https://api-image.immovlan.be/v1/property/VBD43747/images/8c9643d04150471c8539773eefa4a199.jpg/webp/ExtraLarge?mode=pad&format=webp&quality=75', 'https://api-image.immovlan.be/v1/property/VBD43747/images/14e836da5ba540dfb4cbec82249798b9.jpg/webp/ExtraLarge?mode=pad&format=webp&quality=75', 'https://api-image.immovlan.be/v1/property/VBD43747/images/d6df1285f56c46629fc140158bdd4c98.jpg/webp/ExtraLarge?mode=pad&format=webp&quality=75', 'https://api-image.immovlan.be/v1/property/VBD43747/images/28378d04ae134fd6bf1ed6975b2789bf.jpg/webp/ExtraLarge?mode=pad&format=webp&quality=75'];https://immovlan.be/fr/detail/appartement/a-louer/1000/bruxelles/vbd43747;location
Appartement;BRUXELLES, aux abords du quartier Dansaert et à deux pas de la Bourse, dans un immeuble neuf (2023), superbe duplex meublé de +/- 103m², comprenant: hall d'entrée, vestiaire, wc séparé, lumineux living, terrasse, cuisine ouverte full équipée, 2 chambres, 1 salle de douche, wc séparé, espace buanderie. Parquet et double vitrage partout. 1 cave individuelle, local poubelle, local poussette et local vélo. Libre immédiatement. Bail société possible. Pour conditions et visites: Tel / Contact / www.tribel-immo.be (PEB: A-);Rue du Colombier 12-14;Bruxelles;1000;77;1750;1;Appartement;False;False;['https://api-image.immovlan.be/v1/property/VBD43746/images/3d7b5dd52f0042158fb458b02ba245ee.jpg/webp/ExtraLarge?mode=pad&format=webp&quality=75', 'https://api-image.immovlan.be/v1/property/VBD43746/images/41fbac7cef1d40909c2872c84b263f51.jpg/webp/ExtraLarge?mode=pad&format=webp&quality=75', 'https://api-image.immovlan.be/v1/property/VBD43746/images/be3b423fbf4f4a9f835eb9225480f91a.jpg/webp/ExtraLarge?mode=pad&format=webp&quality=75', 'https://api-image.immovlan.be/v1/property/VBD43746/images/1648f38834b7436484fcf6cf84964104.jpg/webp/ExtraLarge?mode=pad&format=webp&quality=75', 'https://api-image.immovlan.be/v1/property/VBD43746/images/178cb9bcc2b243fb875c8f28dad78458.jpg/webp/ExtraLarge?mode=pad&format=webp&quality=75', 'https://api-image.immovlan.be/v1/property/VBD43746/images/f1094b1680d94eff820e10233ba17413.jpg/webp/ExtraLarge?mode=pad&format=webp&quality=75', 'https://api-image.immovlan.be/v1/property/VBD43746/images/62d0893e0e9e46c2a1c7a5daefa12f56.jpg/webp/ExtraLarge?mode=pad&format=webp&quality=75', 'https://api-image.immovlan.be/v1/property/VBD43746/images/0734e51ba1f842098ec04fbbc3723913.jpg/webp/ExtraLarge?mode=pad&format=webp&quality=75', 'https://api-image.immovlan.be/v1/property/VBD43746/images/d9c32dafd9e848809d4fe65b0196a3d1.jpg/webp/ExtraLarge?mode=pad&format=webp&quality=75', 'https://api-image.immovlan.be/v1/property/VBD43746/images/1a24731e8c4d41b29102230ece74cdf3.jpg/webp/ExtraLarge?mode=pad&format=webp&quality=75', 'https://api-image.immovlan.be/v1/property/VBD43746/images/6df8dbc97aa34e0aafad5edf01e7d330.jpg/webp/ExtraLarge?mode=pad&format=webp&quality=75', 'https://api-image.immovlan.be/v1/property/VBD43746/images/f2f200c61e5c440db20baff82ff6daa2.jpg/webp/ExtraLarge?mode=pad&format=webp&quality=75', 'https://api-image.immovlan.be/v1/property/VBD43746/images/dcce3a42ca8f4f7e8f7f0bab9a636da3.jpg/webp/ExtraLarge?mode=pad&format=webp&quality=75', 'https://api-image.immovlan.be/v1/property/VBD43746/images/4032fb8f72344682b81cfa9a689ec559.jpg/webp/ExtraLarge?mode=pad&format=webp&quality=75', 'https://api-image.immovlan.be/v1/property/VBD43746/images/8f456aa2ccc346d6bdcc7c6751215dc0.jpg/webp/ExtraLarge?mode=pad&format=webp&quality=75'];https://immovlan.be/fr/detail/appartement/a-louer/1000/bruxelles/vbd43746;location
Studio;"Renseignements et visites : Tel - Contact

BRUXELLES (Quartier Saint Jacques) - Extrêmement bien localisé dans le piétonnier, proche des commerces, des restaurants et des services du piétonnier; lumineux studio PARTIELLEMENT MEUBLE de +/- 51m2 au 4e étage d'une petite copropriété sans ascenseur. Le bien se compose comme suit : Hall d'entrée - pièce à vivre +/- 40 m2 avec coin à dormir & cuisine équipée +/- 7m2 (four, taques, frigo, congélateur, lave-vaisselle) - Salle de bain (douche, wc, évier, espace machine à laver et séchoir).

ENERGIE : Chassis bois X2 vitrage (2002) - Chaudière individuelle gaz à condensation (2022) - Electricité conforme (2029) - PEB D
PRIX : 850€ / mois (studio) + 40€ / mois (eau - commun)
DISPONIBILITE : immédiatement

Renseignements et visites : -

------ VISITE VIRTUELLE : ------
Tout voir";Rue du Marche au Charbon Kolenmarkt 110 8;Bruxelles;1000;51;850;1;Studio;False;False;['https://api-image.immovlan.be/v1/property/VBD43468/images/c08f1cf05136423e84bd161149357b3a.jpg/webp/ExtraLarge?mode=pad&format=webp&quality=75', 'https://api-image.immovlan.be/v1/property/VBD43468/images/80273f3b375e4dafbb279414761f63a7.jpg/webp/ExtraLarge?mode=pad&format=webp&quality=75', 'https://api-image.immovlan.be/v1/property/VBD43468/images/c65a80d17853464386af7a468a4b4b1c.jpg/webp/ExtraLarge?mode=pad&format=webp&quality=75', 'https://api-image.immovlan.be/v1/property/VBD43468/images/fad240cb470b44fab353740e76dcf6cc.jpg/webp/ExtraLarge?mode=pad&format=webp&quality=75', 'https://api-image.immovlan.be/v1/property/VBD43468/images/1eb221af2cbb412d90a1b9ff93312ce7.jpg/webp/ExtraLarge?mode=pad&format=webp&quality=75', 'https://api-image.immovlan.be/v1/property/VBD43468/images/2088c30a699247e4934e020a0a6b3f2a.jpg/webp/ExtraLarge?mode=pad&format=webp&quality=75', 'https://api-image.immovlan.be/v1/property/VBD43468/images/ffd42e65b8f041f0812010fae76be587.jpg/webp/ExtraLarge?mode=pad&format=webp&quality=75', 'https://api-image.immovlan.be/v1/property/VBD43468/images/072456e38cea4040bdba97008f2a567d.jpg/webp/ExtraLarge?mode=pad&format=webp&quality=75', 'https://api-image.immovlan.be/v1/property/VBD43468/images/1d34d1cbd7474992a8fefb4fb59b93a5.jpg/webp/ExtraLarge?mode=pad&format=webp&quality=75', 'https://api-image.immovlan.be/v1/property/VBD43468/images/9fa159c4b3de4dc7a362eefa615992a2.jpg/webp/ExtraLarge?mode=pad&format=webp&quality=75', 'https://api-image.immovlan.be/v1/property/VBD43468/images/f9c6c128bb4c4efbb7a5d386723b5e23.jpg/webp/ExtraLarge?mode=pad&format=webp&quality=75', 'https://api-image.immovlan.be/v1/property/VBD43468/images/31fa8ba7ebe44648bed5753a7bcae12e.jpg/webp/ExtraLarge?mode=pad&format=webp&quality=75', 'https://api-image.immovlan.be/v1/property/VBD43468/images/9b4c0cc24441455fbae87efbdc7792db.jpg/webp/ExtraLarge?mode=pad&format=webp&quality=75', 'https://api-image.immovlan.be/v1/property/VBD43468/images/5ca4cc4ae461456a8934b42e1f328788.jpg/webp/ExtraLarge?mode=pad&format=webp&quality=75'];https://immovlan.be/fr/detail/studio/a-louer/1000/bruxelles/vbd43468;location
Duplex;En exclusivité Victoire Junot vous propose ce superbe duplex neuf entièrement meublé avec goût d'une superficie de 70 m² avec terrasse. Situé au pied de la majestueuse Cathédrale Saint Michel et Gudule, à quelques pas du centre-ville et du parc Royal. Il comprend un hall d'entrée avec vestiaire, un WC, un salon avec environ 8 m de hauteur sous plafond, une cuisine entièrement équipée, une buanderie avec lave-linge et sèche-linge haut de gamme, une belle chambre et une salle de douche. Cave privative et local vélo dans l'immeuble ! Charges : 100€ (communs). A visiter absolument : www.victoire.be - Tel : Tel;Rue du Bois Sauvage 12 19;Bruxelles;1000;70;1650;1;Duplex;False;False;['https://api-image.immovlan.be/v1/property/VBD43367/images/d1247fdb033f46f1a3e9fc23f2e58d8c.jpg/webp/ExtraLarge?mode=pad&format=webp&quality=75', 'https://api-image.immovlan.be/v1/property/VBD43367/images/42977138b8044c8f8c91abfb123021b7.jpg/webp/ExtraLarge?mode=pad&format=webp&quality=75', 'https://api-image.immovlan.be/v1/property/VBD43367/images/324d4fc8df9f42f29faa2bc9ffae7825.jpg/webp/ExtraLarge?mode=pad&format=webp&quality=75', 'https://api-image.immovlan.be/v1/property/VBD43367/images/c2eedfe5dfba4d0fbedf5eefa576f8d4.jpg/webp/ExtraLarge?mode=pad&format=webp&quality=75', 'https://api-image.immovlan.be/v1/property/VBD43367/images/8075a61900d24cb88a219a8921a8041a.jpg/webp/ExtraLarge?mode=pad&format=webp&quality=75', 'https://api-image.immovlan.be/v1/property/VBD43367/images/da066217f2014f50a0c723e1ee05ad99.jpg/webp/ExtraLarge?mode=pad&format=webp&quality=75', 'https://api-image.immovlan.be/v1/property/VBD43367/images/969619fe93b04f6c8cdc1fdde08a14b9.jpg/webp/ExtraLarge?mode=pad&format=webp&quality=75', 'https://api-image.immovlan.be/v1/property/VBD43367/images/40554c1bba364ced9a7c009a8fbc7242.jpg/webp/ExtraLarge?mode=pad&format=webp&quality=75', 'https://api-image.immovlan.be/v1/property/VBD43367/images/e6bff1da869b4c62899d7cb7d935eee0.jpg/webp/ExtraLarge?mode=pad&format=webp&quality=75', 'https://api-image.immovlan.be/v1/property/VBD43367/images/bf74e3642b9d40ada113421697ea5c23.jpg/webp/ExtraLarge?mode=pad&format=webp&quality=75', 'https://api-image.immovlan.be/v1/property/VBD43367/images/4c7540f335b947d08c397911e4e7f4b6.jpg/webp/ExtraLarge?mode=pad&format=webp&quality=75', 'https://api-image.immovlan.be/v1/property/VBD43367/images/0237e9bc36854a4890053ee829467fff.jpg/webp/ExtraLarge?mode=pad&format=webp&quality=75', 'https://api-image.immovlan.be/v1/property/VBD43367/images/4b0b31a4f3664670b8d0b4c0a7da576e.jpg/webp/ExtraLarge?mode=pad&format=webp&quality=75', 'https://api-image.immovlan.be/v1/property/VBD43367/images/1d00d464b72f4c0d8b771020b013fa38.jpg/webp/ExtraLarge?mode=pad&format=webp&quality=75', 'https://api-image.immovlan.be/v1/property/VBD43367/images/16cb332a0c0542adabd1fa8f22a5418a.jpg/webp/ExtraLarge?mode=pad&format=webp&quality=75', 'https://api-image.immovlan.be/v1/property/VBD43367/images/5f1cbb7e94aa4416b1bbe0c40211a3ba.jpg/webp/ExtraLarge?mode=pad&format=webp&quality=75', 'https://api-image.immovlan.be/v1/property/VBD43367/images/75716a9cfff347e191bd9b9ed7b9e18d.jpg/webp/ExtraLarge?mode=pad&format=webp&quality=75'];https://immovlan.be/fr/detail/duplex/a-louer/1000/bruxelles/vbd43367;location
Appartement;"(Rue d'Arlon, 39 bte52 - 1000 Bruxelles)
Situé au cœur du quartier Léopold et entouré des principales institutions européennes, cet appartement meublé bénéficie d’un emplacement exceptionnel à proximité immédiate des transports en commun, des commerces et des restaurants. Installé au cinquième étage d’un immeuble récent avec ascenseur, il offre un cadre de vie pratique et agréable en plein centre de Bruxelles.
L’appartement se compose d’un hall d’entrée avec vestiaire et wc séparé, d’un vaste séjour lumineux qui s’ouvre sur une terrasse orientée sud-est, d’une cuisine moderne et entièrement équipée. La partie nuit comprend deux chambres confortables et meublées, une salle de bain avec baignoire et wc ainsi qu’une salle de douche indépendante. Plusieurs espaces de rangement intégrés viennent compléter l’ensemble et un local poubelles est également disponible dans l’immeuble. Ce bien combine confort et fonctionnalité avec chauffage collectif, double vitrage, et terrasse bien exposée. Le certificat PEB est de catégorie C avec une émission de 24 kg CO₂.
Le loyer s’élève à 1990 euros par mois avec une provision de charges de 150 euros couvrant les communs, l’eau et le chauffage.
Une place de parking intérieur est disponible pour 150 euros par mois.
Pour toute information complémentaire ou pour organiser une visite, vous pouvez contacter Jérôme Boone au ou par mail à
Tout voir";Rue d'Arlon 39 52;Bruxelles;1000;105;1990;1;Appartement;False;False;['https://api-image.immovlan.be/v1/property/VBD43326/images/b98477e35fc84989b9f7a7d937291d99.jpg/webp/ExtraLarge?mode=pad&format=webp&quality=75', 'https://api-image.immovlan.be/v1/property/VBD43326/images/5ad2bdc83d8f4b6190dc35189418d1b0.jpg/webp/ExtraLarge?mode=pad&format=webp&quality=75', 'https://api-image.immovlan.be/v1/property/VBD43326/images/bea88213f62d40bdaac15affedfd7cbe.jpg/webp/ExtraLarge?mode=pad&format=webp&quality=75', 'https://api-image.immovlan.be/v1/property/VBD43326/images/42799ac2f1c94909a0af6b0a0c3420ef.jpg/webp/ExtraLarge?mode=pad&format=webp&quality=75', 'https://api-image.immovlan.be/v1/property/VBD43326/images/d59c4f8219354e2d8185f2ac564aaac5.jpg/webp/ExtraLarge?mode=pad&format=webp&quality=75', 'https://api-image.immovlan.be/v1/property/VBD43326/images/0212d1cb1db44ec699b0c1e03cc330a1.jpg/webp/ExtraLarge?mode=pad&format=webp&quality=75', 'https://api-image.immovlan.be/v1/property/VBD43326/images/274c60fd39bb4262b8acf9d2146feb80.jpg/webp/ExtraLarge?mode=pad&format=webp&quality=75', 'https://api-image.immovlan.be/v1/property/VBD43326/images/6a025083598c4bc4ab435323bf9e5961.jpg/webp/ExtraLarge?mode=pad&format=webp&quality=75', 'https://api-image.immovlan.be/v1/property/VBD43326/images/ca3604795a0f43a5bef7aeb0635777ef.jpg/webp/ExtraLarge?mode=pad&format=webp&quality=75', 'https://api-image.immovlan.be/v1/property/VBD43326/images/5483289b427f47fdafa1bb3e53fdd99e.jpg/webp/ExtraLarge?mode=pad&format=webp&quality=75', 'https://api-image.immovlan.be/v1/property/VBD43326/images/912d9c2792894b29a325f272cb388568.jpg/webp/ExtraLarge?mode=pad&format=webp&quality=75', 'https://api-image.immovlan.be/v1/property/VBD43326/images/464119b73f2d480a89d5355c353a0f13.jpg/webp/ExtraLarge?mode=pad&format=webp&quality=75', 'https://api-image.immovlan.be/v1/property/VBD43326/images/abe0ea63e46d4f8fb338458afb1c35b4.jpg/webp/ExtraLarge?mode=pad&format=webp&quality=75', 'https://api-image.immovlan.be/v1/property/VBD43326/images/ebf2c09e9ade44eb8e7dc345f2d8f4f5.jpg/webp/ExtraLarge?mode=pad&format=webp&quality=75', 'https://api-image.immovlan.be/v1/property/VBD43326/images/4851a1799a7742d0900f7edd9157e9da.jpg/webp/ExtraLarge?mode=pad&format=webp&quality=75', 'https://api-image.immovlan.be/v1/property/VBD43326/images/635b4013c09b40e09651d8cb0db027d8.jpg/webp/ExtraLarge?mode=pad&format=webp&quality=75'];https://immovlan.be/fr/detail/appartement/a-louer/1000/bruxelles/vbd43326;location
Duplex;"BRUXELLES, magnifique appartement 3 chambres duplex meublé de ±125m².
Au 1er étage :
Hall d'entrée
Séjour de ±32,5m² (4,35m x 7,45m)
Cuisine équipée (four, taque, hotte, frigo, congélateur, lave vaisselle)
Une chambre de ±13,5m² (3,86m x 3,46m)
Une salle de douche (douche, lavabo, WC)
Une chambre de ±12m² (2,87m x 4,13m)
Tout voir";Rue du Marché aux Fromages 11;Bruxelles;1000;125;2550;1;Duplex;False;False;['https://api-image.immovlan.be/v1/property/VBD43324/images/3ff02572a59142c6808b7e3f47efdfb0.jpg/webp/ExtraLarge?mode=pad&format=webp&quality=75', 'https://api-image.immovlan.be/v1/property/VBD43324/images/db2c40ce97fe4680bf61f299d1596ce6.jpg/webp/ExtraLarge?mode=pad&format=webp&quality=75', 'https://api-image.immovlan.be/v1/property/VBD43324/images/77a9c8991e4a4b54ae8050f324295cd5.jpg/webp/ExtraLarge?mode=pad&format=webp&quality=75', 'https://api-image.immovlan.be/v1/property/VBD43324/images/fb3f2cd409e645dea0d5ba090bdcee4f.jpg/webp/ExtraLarge?mode=pad&format=webp&quality=75', 'https://api-image.immovlan.be/v1/property/VBD43324/images/1de12de96ad549658c39305b6eee5fe8.jpg/webp/ExtraLarge?mode=pad&format=webp&quality=75', 'https://api-image.immovlan.be/v1/property/VBD43324/images/f623c0a163a24d669a48c570b1a26cb9.jpg/webp/ExtraLarge?mode=pad&format=webp&quality=75', 'https://api-image.immovlan.be/v1/property/VBD43324/images/3645b17f31604bdfb7b10c86b081d6b6.jpg/webp/ExtraLarge?mode=pad&format=webp&quality=75', 'https://api-image.immovlan.be/v1/property/VBD43324/images/2d2a01d9cd9e47838011c54415b59083.jpg/webp/ExtraLarge?mode=pad&format=webp&quality=75', 'https://api-image.immovlan.be/v1/property/VBD43324/images/ff2757fd11b344e4af2bbf89c317e7f1.jpg/webp/ExtraLarge?mode=pad&format=webp&quality=75', 'https://api-image.immovlan.be/v1/property/VBD43324/images/6e0b9776900e4852aa3cceb446be8d94.jpg/webp/ExtraLarge?mode=pad&format=webp&quality=75', 'https://api-image.immovlan.be/v1/property/VBD43324/images/22f3c130b14941838a061bea9b81935a.jpg/webp/ExtraLarge?mode=pad&format=webp&quality=75', 'https://api-image.immovlan.be/v1/property/VBD43324/images/f20f531ec8cd44709a5bd78f2427442e.jpg/webp/ExtraLarge?mode=pad&format=webp&quality=75', 'https://api-image.immovlan.be/v1/property/VBD43324/images/ee860a270ead4c9eb4a014fda6784482.jpg/webp/ExtraLarge?mode=pad&format=webp&quality=75', 'https://api-image.immovlan.be/v1/property/VBD43324/images/85eee3eb6f7d493288008c59843e1a4c.jpg/webp/ExtraLarge?mode=pad&format=webp&quality=75', 'https://api-image.immovlan.be/v1/property/VBD43324/images/3b180bfdc3f74d5c80a1b74bc98d6af6.jpg/webp/ExtraLarge?mode=pad&format=webp&quality=75', 'https://api-image.immovlan.be/v1/property/VBD43324/images/36cb547ae8ae4f77935fd4daf04359e5.jpg/webp/ExtraLarge?mode=pad&format=webp&quality=75', 'https://api-image.immovlan.be/v1/property/VBD43324/images/dffc462091964dfd87f894dc03d84ddd.jpg/webp/ExtraLarge?mode=pad&format=webp&quality=75'];https://immovlan.be/fr/detail/duplex/a-louer/1000/bruxelles/vbd43324;location
Appartement;"UCCLE -- Excellente situation à proximité immédiate des transports en commun, des commerces, de toutes les commodités et du Lycée Français. Expertissimmo vous présente un superbe appartement 2 chambres de +/- 91m2 situé au 1er étage d'un bel immeuble récent et aux excellentes performances énergétiques. Il est composé comme suit: Hall d'entrée avec porte blindée et buanderie (emplacement lave-linge et sèche-linge) - Lumineux et spacieux séjour de +/- 34m2 donnant accès à la belle terrasse de +/- 7m2 et orientée OUEST - Belle cuisine ouverte super-équipée (taques, hotte, four, frigo, congélateur, lave-vaisselle et micro-ondes) avec des électroménagers de la marque ""MIELE"" - Hall de nuit avec Wc séparé - 2 grandes chambres de +/- 14m2 chacune - Belle salle de bain - Cave privative et double emplacements de parking privatifs au sous-sol. Appartement en excellent état et entièrement rafraichit ! Libre immédiatement. Energie: Chaudière individuelle gaz à condensation - PEB= C+. Loyer: 1300€ + provision de charges 100€ (communs). Location double emplacement de parking obligatoire: 150€. A visiter sans tarder !

LIEN VISITE VIRTUELLE:
Tout voir";Chaussée d'Alsemberg 1253;Uccle;1180;91;1300;1;Appartement;False;False;['https://api-image.immovlan.be/v1/property/VBD43943/images/66e23690d2b64708b56856f63b51b438.jpg/webp/ExtraLarge?mode=pad&format=webp&quality=75', 'https://api-image.immovlan.be/v1/property/VBD43943/images/b65079d881014bc98702cc0e1b0cd992.jpg/webp/ExtraLarge?mode=pad&format=webp&quality=75', 'https://api-image.immovlan.be/v1/property/VBD43943/images/108ae46d8df941bcadc19f0682f35fc5.jpg/webp/ExtraLarge?mode=pad&format=webp&quality=75', 'https://api-image.immovlan.be/v1/property/VBD43943/images/926dbf6c40604dd0afe88ab3ecf82f1e.jpg/webp/ExtraLarge?mode=pad&format=webp&quality=75', 'https://api-image.immovlan.be/v1/property/VBD43943/images/2da17e3a755749cab6b302a55a5dc276.jpg/webp/ExtraLarge?mode=pad&format=webp&quality=75', 'https://api-image.immovlan.be/v1/property/VBD43943/images/e56f6567fb5d4ab5af965b85a0745998.jpg/webp/ExtraLarge?mode=pad&format=webp&quality=75', 'https://api-image.immovlan.be/v1/property/VBD43943/images/6cbd20c7c8174156908a7f43c96fa4dd.jpg/webp/ExtraLarge?mode=pad&format=webp&quality=75', 'https://api-image.immovlan.be/v1/property/VBD43943/images/7e1f1aa5512644bc9dbb8617d011719c.jpg/webp/ExtraLarge?mode=pad&format=webp&quality=75', 'https://api-image.immovlan.be/v1/property/VBD43943/images/4ae46cf8d9d447b5acc6c76572fed5ad.jpg/webp/ExtraLarge?mode=pad&format=webp&quality=75', 'https://api-image.immovlan.be/v1/property/VBD43943/images/e9078035530a416e81ac55703d7d6d63.jpg/webp/ExtraLarge?mode=pad&format=webp&quality=75', 'https://api-image.immovlan.be/v1/property/VBD43943/images/762fdff0079f4c54b9a6e246e959706c.jpg/webp/ExtraLarge?mode=pad&format=webp&quality=75', 'https://api-image.immovlan.be/v1/property/VBD43943/images/4cdbedfa3b6a48ccb40b4f2748670c7b.jpg/webp/ExtraLarge?mode=pad&format=webp&quality=75', 'https://api-image.immovlan.be/v1/property/VBD43943/images/8b9f241b5d75402eaf3d6ed76be6dd76.jpg/webp/ExtraLarge?mode=pad&format=webp&quality=75', 'https://api-image.immovlan.be/v1/property/VBD43943/images/f010693df28e49ae9240a9e3a981279f.jpg/webp/ExtraLarge?mode=pad&format=webp&quality=75', 'https://api-image.immovlan.be/v1/property/VBD43943/images/684e7a03cb0c4082a5423c34bcf05f10.jpg/webp/ExtraLarge?mode=pad&format=webp&quality=75'];https://immovlan.be/fr/detail/appartement/a-louer/1180/uccle/vbd43943;location
Appartement;"Renseignements et visites UNIQUEMENT par mail : Contact

EXPERTISSIMMO vous propose sur la commune d'ETTERBEEK (Quartier Tongres) à quelques pas du métro MERODE, des commerces et du parc du Cinquantenaire, un appartement 1 chambre - MEUBLE - situé au 1er étage sur 3 d’un immeuble sans ascenseur.

Le bien se compose comme suit :
Séjour +/- 13m2 – Cuisine ouverte équipée (taques, hotte, four, frigo, micro-ondes) – Chambre (+/- 10 m2) – Salle de douche – WC séparé - Garage à vélos commun - Buanderie au -1 avec machine à laver mise à disposition.

ENERGIE : Radiateurs électrique - Châssis double vitrage PVC – PEB G
DISPONIBILITÉ : libre immédiatement
PRIX MENSUEL : 930€ (appartement) + 90€ (forfait pour les charges communes - assurance abandon de recours contre le locataire) + 15€ (provision pour l'eau privative)
Pour garantir une bonne qualité de vie et respecter les caractéristiques du logement, celui est idéal pour une personne.

------ VISITE VIRTUELLE : ------
Tout voir";Rue Charles Degroux 74;Etterbeek;1040;42;875;1;Appartement;False;False;['https://api-image.immovlan.be/v1/property/VBD43942/images/6f80e96604204b07acbe0b25204ca758.jpg/webp/ExtraLarge?mode=pad&format=webp&quality=75', 'https://api-image.immovlan.be/v1/property/VBD43942/images/1b51c41c3d4a4902a291b1f254859afe.jpg/webp/ExtraLarge?mode=pad&format=webp&quality=75', 'https://api-image.immovlan.be/v1/property/VBD43942/images/d09733b9351a4b75aafd2fc4374d495a.jpg/webp/ExtraLarge?mode=pad&format=webp&quality=75', 'https://api-image.immovlan.be/v1/property/VBD43942/images/d6ef8114743e41b1ad96f6091d57c3e9.jpg/webp/ExtraLarge?mode=pad&format=webp&quality=75', 'https://api-image.immovlan.be/v1/property/VBD43942/images/30337f5cc32a46ad960d870a54c4f486.jpg/webp/ExtraLarge?mode=pad&format=webp&quality=75', 'https://api-image.immovlan.be/v1/property/VBD43942/images/6745fbac2469499aa574c0b0e840e1c1.jpg/webp/ExtraLarge?mode=pad&format=webp&quality=75', 'https://api-image.immovlan.be/v1/property/VBD43942/images/598a508f5cd24bddb1e53ba65d46768c.jpg/webp/ExtraLarge?mode=pad&format=webp&quality=75', 'https://api-image.immovlan.be/v1/property/VBD43942/images/9f9d51c15a2c427eb100cf3a540699b8.jpg/webp/ExtraLarge?mode=pad&format=webp&quality=75', 'https://api-image.immovlan.be/v1/property/VBD43942/images/5e88dd94face492a98d2086e14c526b8.jpg/webp/ExtraLarge?mode=pad&format=webp&quality=75', 'https://api-image.immovlan.be/v1/property/VBD43942/images/72b1bcb50c9f4a8c9e5f51e93b6aad20.jpg/webp/ExtraLarge?mode=pad&format=webp&quality=75'];https://immovlan.be/fr/detail/appartement/a-louer/1040/etterbeek/vbd43942;location
Penthouse;Quartier Chatelain - Louise - Superbe appartement duplex-penthouse meublé 2 chambres avec terrasse et parking – Situé à deux pas du Chatelain, l’appartement se compose à l’étage principal d’un large séjour de près de 45m², d’un vestiaire, d’une salle à manger, d’une cuisine super-équipée, d’une terrasse de +/-22m², d’une buanderie et d’un wc invités. A l’étage supérieur se trouvent une chambre de 16m² avec salle de bains, une chambre de 17m² avec dressing, salle de douche et terrasse et un wc. Possibilité de parking spacieux : €200/mois. PEB : C. Charges : €200/mois (communs ). Pour infos et visites : Tel ou Contact;rue Faider 42;Ixelles;1050;140;2250;1;Penthouse;False;False;['https://api-image.immovlan.be/v1/property/VBD43902/images/c8200df672204e04ab1703fc81a4b0b2.jpg/webp/ExtraLarge?mode=pad&format=webp&quality=75', 'https://api-image.immovlan.be/v1/property/VBD43902/images/a654e907e2b94f83b5bb6e775bce322f.jpg/webp/ExtraLarge?mode=pad&format=webp&quality=75', 'https://api-image.immovlan.be/v1/property/VBD43902/images/d8db44d4b3b84141b3b2981cf2b4040c.jpg/webp/ExtraLarge?mode=pad&format=webp&quality=75', 'https://api-image.immovlan.be/v1/property/VBD43902/images/9fff87c60b5449b6872906055594a9ed.jpg/webp/ExtraLarge?mode=pad&format=webp&quality=75', 'https://api-image.immovlan.be/v1/property/VBD43902/images/b5c8bc6f8f2e4d8ab7909e2fd1fc1f5d.jpg/webp/ExtraLarge?mode=pad&format=webp&quality=75', 'https://api-image.immovlan.be/v1/property/VBD43902/images/1ea51539e6ab4fddba3833123e8038c7.jpg/webp/ExtraLarge?mode=pad&format=webp&quality=75', 'https://api-image.immovlan.be/v1/property/VBD43902/images/0e9f2cd38bee47de9f873e9ee9c3ae4e.jpg/webp/ExtraLarge?mode=pad&format=webp&quality=75', 'https://api-image.immovlan.be/v1/property/VBD43902/images/b817d26ac8d6413bac2e15a37fb0cc6d.jpg/webp/ExtraLarge?mode=pad&format=webp&quality=75', 'https://api-image.immovlan.be/v1/property/VBD43902/images/4939a7cf071a4f3b84e69c5b48c8570b.jpg/webp/ExtraLarge?mode=pad&format=webp&quality=75', 'https://api-image.immovlan.be/v1/property/VBD43902/images/2bbd01924e0b4264846973e2e1d93559.jpg/webp/ExtraLarge?mode=pad&format=webp&quality=75', 'https://api-image.immovlan.be/v1/property/VBD43902/images/ffee843f88da49cbac712737c8ede138.jpg/webp/ExtraLarge?mode=pad&format=webp&quality=75', 'https://api-image.immovlan.be/v1/property/VBD43902/images/3ca547c1701b4f5fbe5e44128e8043fc.jpg/webp/ExtraLarge?mode=pad&format=webp&quality=75', 'https://api-image.immovlan.be/v1/property/VBD43902/images/ffc37a7a3e944d8da50c94aacc97e4f3.jpg/webp/ExtraLarge?mode=pad&format=webp&quality=75', 'https://api-image.immovlan.be/v1/property/VBD43902/images/32a4ebdbeeed43f2a7b636118d25d801.jpg/webp/ExtraLarge?mode=pad&format=webp&quality=75', 'https://api-image.immovlan.be/v1/property/VBD43902/images/da53ce9ebe414254ab092485799da595.jpg/webp/ExtraLarge?mode=pad&format=webp&quality=75', 'https://api-image.immovlan.be/v1/property/VBD43902/images/a28286218e2c4e61a7f6f6f6cc6aaa42.jpg/webp/ExtraLarge?mode=pad&format=webp&quality=75', 'https://api-image.immovlan.be/v1/property/VBD43902/images/2d52e741584c4125999dbeede5f00ca0.jpg/webp/ExtraLarge?mode=pad&format=webp&quality=75', 'https://api-image.immovlan.be/v1/property/VBD43902/images/296eecb7c46f4adfb7fafb0d89c42b48.jpg/webp/ExtraLarge?mode=pad&format=webp&quality=75'];https://immovlan.be/fr/detail/penthouse/a-louer/1050/ixelles/vbd43902;location
Appartement;"Libre en Janvier - THE HORIZON - Bathim&CO vous présente un magnifique appartement dans un immeuble neuf et unique sur le marché bruxellois, proposant des espaces Rooftop avec de grandes terrasses, une salle de sport, une salle de cinéma, des espaces de bureau, une salle de piano, des pièces détente, une salle de jeux pour enfants, ainsi que des appartements ""d'invités"" afin de pouvoir proposer des logements séparés à la famille ou des amis.
L'appartement en tant que tel se compose d'un vaste hall d'entrée, d'un superbe salon très lumineux grâce à ses nombreuses baies vitrées, d'une grande terrasse orientée plein sud, d'une cuisine super-équipée, de deux chambres, d'une salle de bain, d'un WC séparé.
Possibilité de louer une place de parking pour 100€/mois. Possibilité de louer une cave privative pour 30 euros.
Charges: Provision de 295€ (chauffage, eau chaude, eau froide, internet, télévision, assurance, entretien et nettoyage et utilisation des parties communes)
A visiter avec Sascha
Tout voir";Avenue Ariane 4;Woluwe-Saint-Lambert;1200;90;1450;1;Appartement;False;False;['https://api-image.immovlan.be/v1/property/VBD43900/images/c8e56e4e722042109129d5f31ed86b1c.jpg/webp/ExtraLarge?mode=pad&format=webp&quality=75', 'https://api-image.immovlan.be/v1/property/VBD43900/images/11cec7af88b8493ab4f1797164baadf1.jpg/webp/ExtraLarge?mode=pad&format=webp&quality=75', 'https://api-image.immovlan.be/v1/property/VBD43900/images/b1b486cd946344049d58e8423a7245bb.jpg/webp/ExtraLarge?mode=pad&format=webp&quality=75', 'https://api-image.immovlan.be/v1/property/VBD43900/images/797747aedf4a4bb4bccd19a2755ba78e.jpg/webp/ExtraLarge?mode=pad&format=webp&quality=75', 'https://api-image.immovlan.be/v1/property/VBD43900/images/2beba07e00c04c56beed00c5579ae978.jpg/webp/ExtraLarge?mode=pad&format=webp&quality=75', 'https://api-image.immovlan.be/v1/property/VBD43900/images/fa6e6c1a37094112990e9eedbda08f66.jpg/webp/ExtraLarge?mode=pad&format=webp&quality=75', 'https://api-image.immovlan.be/v1/property/VBD43900/images/3db7abcba2e8439898b785523e6fab42.jpg/webp/ExtraLarge?mode=pad&format=webp&quality=75', 'https://api-image.immovlan.be/v1/property/VBD43900/images/66c08cf9707844fea7d9de6d93e4f067.jpg/webp/ExtraLarge?mode=pad&format=webp&quality=75', 'https://api-image.immovlan.be/v1/property/VBD43900/images/6fd013d62c804519b7cf0a84c47abb9f.jpg/webp/ExtraLarge?mode=pad&format=webp&quality=75', 'https://api-image.immovlan.be/v1/property/VBD43900/images/8b2153f3fb2a4807ba0ce1dd6116a8ff.png/webp/ExtraLarge?mode=pad&format=webp&quality=75', 'https://api-image.immovlan.be/v1/property/VBD43900/images/4b249a5b8533401aa9c8ab68a883c811.png/webp/ExtraLarge?mode=pad&format=webp&quality=75', 'https://api-image.immovlan.be/v1/property/VBD43900/images/d5f183ac883d49bd8c2384733e1eab6a.jpg/webp/ExtraLarge?mode=pad&format=webp&quality=75', 'https://api-image.immovlan.be/v1/property/VBD43900/images/16eaf3d0a94d4609b447a0100e40b40b.jpg/webp/ExtraLarge?mode=pad&format=webp&quality=75', 'https://api-image.immovlan.be/v1/property/VBD43900/images/1886baa7d018448195b742baa29baacc.jpg/webp/ExtraLarge?mode=pad&format=webp&quality=75', 'https://api-image.immovlan.be/v1/property/VBD43900/images/d2930d2327d149d2b6dd1e3a50d5d4ca.png/webp/ExtraLarge?mode=pad&format=webp&quality=75', 'https://api-image.immovlan.be/v1/property/VBD43900/images/febf777466da4b469f84592f17c838ff.jpg/webp/ExtraLarge?mode=pad&format=webp&quality=75', 'https://api-image.immovlan.be/v1/property/VBD43900/images/ffe6859b63b347d780131dcd4e399115.png/webp/ExtraLarge?mode=pad&format=webp&quality=75', 'https://api-image.immovlan.be/v1/property/VBD43900/images/7cfea23240e541e1adde6e3bf179f0f7.png/webp/ExtraLarge?mode=pad&format=webp&quality=75', 'https://api-image.immovlan.be/v1/property/VBD43900/images/5e295dde73c64bb68a1265fef0c0adb0.png/webp/ExtraLarge?mode=pad&format=webp&quality=75', 'https://api-image.immovlan.be/v1/property/VBD43900/images/fd1ae4c2511a4a54a4efe7ca9d5af8c8.png/webp/ExtraLarge?mode=pad&format=webp&quality=75', 'https://api-image.immovlan.be/v1/property/VBD43900/images/948aa96c1f114bac820b65a1948d7912.png/webp/ExtraLarge?mode=pad&format=webp&quality=75', 'https://api-image.immovlan.be/v1/property/VBD43900/images/c6c0fc428dc744a1a347e8a39f179dcc.png/webp/ExtraLarge?mode=pad&format=webp&quality=75'];https://immovlan.be/fr/detail/appartement/a-louer/1200/woluwe-saint-lambert/vbd43900;location
Appartement;ETTERBEEK, idéalement situé à deux pas du métro Pétillion et à proximité de Montgomery, magnifique APPARTEMENT (1Ch/1Sdb) rénové en 2020 et meublé avec goût style Art déco de ± 80 m² avec terrasse et garage. Au 2ème étage, il se compose d'un hall d'entrée, lumineux séjour en parquet, cuisine super-équipée, salle de douche et une chambre de ± 15 m². Buanderie avec machine à laver et séchoir. Belle terrasse oriéntée au Sud-Ouest sans vis-à-vis. Garage INCLUS dans le prix. Charges : 200 eur/mois provision (eau chaude, chauffage et communs). PEB D+ (154). A découvrir chez L&P!;Rue Baron de Castro 43;Etterbeek;1040;80;1250;1;Appartement;False;False;['https://api-image.immovlan.be/v1/property/VBD43893/images/40d9ff2df9354ba1987a93636c09fb4e.jpg/webp/ExtraLarge?mode=pad&format=webp&quality=75', 'https://api-image.immovlan.be/v1/property/VBD43893/images/b78e872aec874e519662792b770984c4.jpg/webp/ExtraLarge?mode=pad&format=webp&quality=75', 'https://api-image.immovlan.be/v1/property/VBD43893/images/0443437e5b0c45f9b9852a09291263c4.jpg/webp/ExtraLarge?mode=pad&format=webp&quality=75', 'https://api-image.immovlan.be/v1/property/VBD43893/images/5371c09ec4ff4674afa10c1c84007e4b.jpg/webp/ExtraLarge?mode=pad&format=webp&quality=75', 'https://api-image.immovlan.be/v1/property/VBD43893/images/625db206454f4408a619ab85056abea3.jpg/webp/ExtraLarge?mode=pad&format=webp&quality=75', 'https://api-image.immovlan.be/v1/property/VBD43893/images/d353965e24374b0281a0c8d70b0a42df.jpg/webp/ExtraLarge?mode=pad&format=webp&quality=75', 'https://api-image.immovlan.be/v1/property/VBD43893/images/d4878c1c02a54e73a4eac1092f2917eb.jpg/webp/ExtraLarge?mode=pad&format=webp&quality=75', 'https://api-image.immovlan.be/v1/property/VBD43893/images/afda44849bfd45cebe1dc7f9183a5cb3.jpg/webp/ExtraLarge?mode=pad&format=webp&quality=75', 'https://api-image.immovlan.be/v1/property/VBD43893/images/32b09fb38909452ca9a714dc2dc068d0.jpg/webp/ExtraLarge?mode=pad&format=webp&quality=75', 'https://api-image.immovlan.be/v1/property/VBD43893/images/6c787fc29d5847cc8fd5317842113954.jpg/webp/ExtraLarge?mode=pad&format=webp&quality=75', 'https://api-image.immovlan.be/v1/property/VBD43893/images/eaf82061433b484d8a52e91cee8c43b6.jpg/webp/ExtraLarge?mode=pad&format=webp&quality=75', 'https://api-image.immovlan.be/v1/property/VBD43893/images/e23f93c77e90454c93d08dd7632a2701.jpg/webp/ExtraLarge?mode=pad&format=webp&quality=75', 'https://api-image.immovlan.be/v1/property/VBD43893/images/e4e7b27072c04e5c81303dc1cccfdfda.jpg/webp/ExtraLarge?mode=pad&format=webp&quality=75', 'https://api-image.immovlan.be/v1/property/VBD43893/images/f13c971225764db3aa854456b199b2f1.jpg/webp/ExtraLarge?mode=pad&format=webp&quality=75', 'https://api-image.immovlan.be/v1/property/VBD43893/images/29ac4b1780ff4647a24b6fd24058de87.jpg/webp/ExtraLarge?mode=pad&format=webp&quality=75', 'https://api-image.immovlan.be/v1/property/VBD43893/images/c700913e54cc437489a0db6daceeb33e.jpg/webp/ExtraLarge?mode=pad&format=webp&quality=75', 'https://api-image.immovlan.be/v1/property/VBD43893/images/3b335ba0bbb04c7abaab2a58bd45d13a.jpg/webp/ExtraLarge?mode=pad&format=webp&quality=75', 'https://api-image.immovlan.be/v1/property/VBD43893/images/2df443f42b104e86a22389b9e3c31078.jpg/webp/ExtraLarge?mode=pad&format=webp&quality=75'];https://immovlan.be/fr/detail/appartement/a-louer/1040/etterbeek/vbd43893;location
Appartement;WOLUWE-SAINT-LAMBERT, idéalement situé à proximité de Montgomery et des institutions européennes, et à deux pas du métro, dans un quartier agréable et résidentiel, magnifique APPARTEMENT (2Ch/1SDB) de ± 124 m² avec deux petits balcons. Au 4ème étage d’un immeuble bien entretenu, il se compose d’un hall d’entrée, d’un spacieux et lumineux séjour en parquet de ± 58m² avec balcon attenant, et d’une cuisine super-équipée avec balcon attenant. Deux belles chambres (±13,5 m² et ±15,5 m²) et une salle de bain avec espace buanderie et une toilette séparée. Local à vélos. Une cave. Un garage box. Provision de charges : +200 €/mois (chauffage, eau chaude et entretien des communs). PEB : C. Disponible immédiatement. À découvrir en exclusivité chez L&P !;Avenue de Broqueville 273;Woluwe-Saint-Lambert;1200;124;1550;1;Appartement;False;False;['https://api-image.immovlan.be/v1/property/VBD43892/images/a6f0621ff57040f688e73ce4406ef8ea.jpg/webp/ExtraLarge?mode=pad&format=webp&quality=75', 'https://api-image.immovlan.be/v1/property/VBD43892/images/8e65c8faa8e742738ee21ea17089bd2d.jpg/webp/ExtraLarge?mode=pad&format=webp&quality=75', 'https://api-image.immovlan.be/v1/property/VBD43892/images/e124d4bd52f04272926f60c8fa08640d.jpg/webp/ExtraLarge?mode=pad&format=webp&quality=75', 'https://api-image.immovlan.be/v1/property/VBD43892/images/9b2e3b5121c54a44be6f8bac1ee59867.jpg/webp/ExtraLarge?mode=pad&format=webp&quality=75', 'https://api-image.immovlan.be/v1/property/VBD43892/images/1a5e193444ab480ca95633c8a88742d8.jpg/webp/ExtraLarge?mode=pad&format=webp&quality=75', 'https://api-image.immovlan.be/v1/property/VBD43892/images/5257b02657614ffdbda0e486b156e375.jpg/webp/ExtraLarge?mode=pad&format=webp&quality=75', 'https://api-image.immovlan.be/v1/property/VBD43892/images/4aba489a8fdf462b8861d7f14474a5d2.jpg/webp/ExtraLarge?mode=pad&format=webp&quality=75', 'https://api-image.immovlan.be/v1/property/VBD43892/images/e9f0127142e749f4a7b42b8a13ce4456.jpg/webp/ExtraLarge?mode=pad&format=webp&quality=75', 'https://api-image.immovlan.be/v1/property/VBD43892/images/f3f69c5af3b8442a8cf68666150c5afb.jpg/webp/ExtraLarge?mode=pad&format=webp&quality=75', 'https://api-image.immovlan.be/v1/property/VBD43892/images/1adc58f1e61d4df3855dc8a79cecbdcb.jpg/webp/ExtraLarge?mode=pad&format=webp&quality=75', 'https://api-image.immovlan.be/v1/property/VBD43892/images/1590f9ada2c94a9387a34744d5a19da4.jpg/webp/ExtraLarge?mode=pad&format=webp&quality=75', 'https://api-image.immovlan.be/v1/property/VBD43892/images/5375038f8af8450ab64b2a0c1a86c8aa.jpg/webp/ExtraLarge?mode=pad&format=webp&quality=75', 'https://api-image.immovlan.be/v1/property/VBD43892/images/d01eca8950434f0ca2333220a2f520db.jpg/webp/ExtraLarge?mode=pad&format=webp&quality=75', 'https://api-image.immovlan.be/v1/property/VBD43892/images/e7f9d48399884b27b43c108eae237881.jpg/webp/ExtraLarge?mode=pad&format=webp&quality=75', 'https://api-image.immovlan.be/v1/property/VBD43892/images/45aff0ba650e46c88e29a3a9619add85.jpg/webp/ExtraLarge?mode=pad&format=webp&quality=75', 'https://api-image.immovlan.be/v1/property/VBD43892/images/b5525e4092fe45cabeaf772f1acdb69b.jpg/webp/ExtraLarge?mode=pad&format=webp&quality=75', 'https://api-image.immovlan.be/v1/property/VBD43892/images/7b3959003d6b44198961fa269aedd673.jpg/webp/ExtraLarge?mode=pad&format=webp&quality=75', 'https://api-image.immovlan.be/v1/property/VBD43892/images/4b1ed2d2ffa24528abf56f6e360c26d4.jpg/webp/ExtraLarge?mode=pad&format=webp&quality=75'];https://immovlan.be/fr/detail/appartement/a-louer/1200/woluwe-saint-lambert/vbd43892;location
Appartement;FOREST, à proximité du parc Duden et du ring, lumineux APPARTEMENT traversant, entièrement remis à neuf (2ch/1sdb) de ±100m² situé au 3e étage. Il est composé d'un vaste hall d'entrée avec toilette, spacieux living de ±40 m² avec une terrasse de ±15 m² offrant une vue imprenable sur la ville, cuisine super équipée avec balcon, 2 chambres de ±11 et ±15 m², une salle de bains, Emplacement machine à laver. Cave et Local vélo. Provision de charge : 200€ (chauffage, eau, commun) PEB: C. A découvrir chez L&P!;Avenue Minerve 3;Forest;1190;100;1300;1;Appartement;False;False;['https://api-image.immovlan.be/v1/property/VBD43891/images/f597f49c2bc246959616bcab9d626667.jpg/webp/ExtraLarge?mode=pad&format=webp&quality=75', 'https://api-image.immovlan.be/v1/property/VBD43891/images/13510caef55649e3ae2901d23033b87d.jpg/webp/ExtraLarge?mode=pad&format=webp&quality=75', 'https://api-image.immovlan.be/v1/property/VBD43891/images/2c7ba1ba12cd40c4a93abecd229d1376.jpg/webp/ExtraLarge?mode=pad&format=webp&quality=75', 'https://api-image.immovlan.be/v1/property/VBD43891/images/50e7cdbe558a4a538615ca61df489b8a.jpg/webp/ExtraLarge?mode=pad&format=webp&quality=75', 'https://api-image.immovlan.be/v1/property/VBD43891/images/f0312c4c2308476b8c5515d438221986.jpg/webp/ExtraLarge?mode=pad&format=webp&quality=75', 'https://api-image.immovlan.be/v1/property/VBD43891/images/ddfe2dbab2c9433ba5e492c122d5cdac.jpg/webp/ExtraLarge?mode=pad&format=webp&quality=75', 'https://api-image.immovlan.be/v1/property/VBD43891/images/fef438a0a5304c028de9c1087b8d17d9.jpg/webp/ExtraLarge?mode=pad&format=webp&quality=75', 'https://api-image.immovlan.be/v1/property/VBD43891/images/22199a200d614548b91f915205b06346.jpg/webp/ExtraLarge?mode=pad&format=webp&quality=75', 'https://api-image.immovlan.be/v1/property/VBD43891/images/e071b935ca74459587223287866d99ee.jpg/webp/ExtraLarge?mode=pad&format=webp&quality=75', 'https://api-image.immovlan.be/v1/property/VBD43891/images/fd9a3070dd044c609a97bfa068eea14f.jpg/webp/ExtraLarge?mode=pad&format=webp&quality=75'];https://immovlan.be/fr/detail/appartement/a-louer/1190/forest/vbd43891;location
Appartement;"J&J Properties vous propose : Situé dans un clos calme situé près des transports en commun (Roodebeek) et de toutes commodités (Woluwe Shopping). Découvrez cet appartement entièrement meublé et fourni de 2 chambres avec une terrasse au deuxième étage d'une petite copropriété.

Il se compose comme suit: Un hall d'entrée desservant sur un lumineux living avec une terrasse qui fait tout l'angle de l'appartement. Une cuisine totalement équipée. On retrouve ensuite un hall de nuit, deux chambres, une toilette et une salle de bain. L'appartement dispose également d'un box de parking obligatoire (+100€/mois).

Libre à partir du 01/01/2026. Les charges communes s'élèvent à 135€/mois comprenant les communs et l'eau froide privative.

PEB classe C

A venir visiter sans tarder !
Tout voir";Rue des Floralies 80;Woluwe-Saint-Lambert;1200;69;1400;1;Appartement;False;False;['https://api-image.immovlan.be/v1/property/VBD43882/images/1b02e9b9ac874103929e3bf2a3053cfa.jpg/webp/ExtraLarge?mode=pad&format=webp&quality=75', 'https://api-image.immovlan.be/v1/property/VBD43882/images/53a5cedca7cc4af68855df85531720aa.jpg/webp/ExtraLarge?mode=pad&format=webp&quality=75', 'https://api-image.immovlan.be/v1/property/VBD43882/images/62f2a760f5b84589b080e3d04ed00e96.jpg/webp/ExtraLarge?mode=pad&format=webp&quality=75', 'https://api-image.immovlan.be/v1/property/VBD43882/images/0e3598bf1059486fa119c668e1bef875.jpg/webp/ExtraLarge?mode=pad&format=webp&quality=75', 'https://api-image.immovlan.be/v1/property/VBD43882/images/9193479088624fab93b7a72070896f0a.jpg/webp/ExtraLarge?mode=pad&format=webp&quality=75', 'https://api-image.immovlan.be/v1/property/VBD43882/images/6b5f09ac83ae4f7d900631a4c893be04.jpg/webp/ExtraLarge?mode=pad&format=webp&quality=75', 'https://api-image.immovlan.be/v1/property/VBD43882/images/2bedf920f3624a1c87554e4e9c5433b7.jpg/webp/ExtraLarge?mode=pad&format=webp&quality=75', 'https://api-image.immovlan.be/v1/property/VBD43882/images/dc9ad00b3a1d44be9aaaefbf428374b4.jpg/webp/ExtraLarge?mode=pad&format=webp&quality=75', 'https://api-image.immovlan.be/v1/property/VBD43882/images/8b57c43a1f224ba69639d7760e99e3f6.jpg/webp/ExtraLarge?mode=pad&format=webp&quality=75', 'https://api-image.immovlan.be/v1/property/VBD43882/images/d2a3015879a64a60a09be4253cd932ff.jpg/webp/ExtraLarge?mode=pad&format=webp&quality=75', 'https://api-image.immovlan.be/v1/property/VBD43882/images/0b30266788544f4fbcb2d0a3a479ab50.jpg/webp/ExtraLarge?mode=pad&format=webp&quality=75', 'https://api-image.immovlan.be/v1/property/VBD43882/images/7b1e1ad5000541a4aef6b38a190ca7c7.jpg/webp/ExtraLarge?mode=pad&format=webp&quality=75', 'https://api-image.immovlan.be/v1/property/VBD43882/images/3ef0233f68894e8f89f5960d25b58266.jpg/webp/ExtraLarge?mode=pad&format=webp&quality=75', 'https://api-image.immovlan.be/v1/property/VBD43882/images/6588a1cecf5d4cba8acc466a382cee94.jpg/webp/ExtraLarge?mode=pad&format=webp&quality=75', 'https://api-image.immovlan.be/v1/property/VBD43882/images/d976a8a364ea473e8538887bbb390bb5.jpg/webp/ExtraLarge?mode=pad&format=webp&quality=75', 'https://api-image.immovlan.be/v1/property/VBD43882/images/442e1f76e7e048a49a6e22179c46cfb5.jpg/webp/ExtraLarge?mode=pad&format=webp&quality=75', 'https://api-image.immovlan.be/v1/property/VBD43882/images/da3789a4d191444ead7ba3290a559bf6.jpg/webp/ExtraLarge?mode=pad&format=webp&quality=75'];https://immovlan.be/fr/detail/appartement/a-louer/1200/woluwe-saint-lambert/vbd43882;location
Appartement;"Quartier Gribaumont, à proximité des commerces et transports, superbe appartement meublé rénové en 2021 de +/- 88 m² se composant comme suit :

- Hall d'entrée de +/- 6,5 m² avec placards (carrelage)
- Buanderie de +/- 1,6 m² avec machine à laver et séchoir (carrelage)
- Séjour de +/- 25,5 m² (parquet)
- Accès terrasse avant de +/- 17 m² nord
- Cuisine américaine super équipée de +/- 6,5 m² (taque à induction, hotte, four, frigo, micro-onde, congélateur et lave-vaisselle) (carrelage)
- Hall de nuit de +/- 3 m² avec placards (carrelage)
- Toilette séparée avec lave-mains
- Chambre 1 de +/- 14 m² (parquet)
- Chambre 2 de +/- 12 m² (parquet)
- Accès seconde terrasse de +/- 5 m² avec marquise orientée sud
- Salle de douche de +/- 4,9 m² (douche, meuble lavabo et sèche-serviette) (carrelage)

Informations complémentaires
- Etage 7/7 avec ascenseur
- Provision mensuelle de charges de 275 € (communs, eau froide, eau chaude, chauffage)
- PEB G 591 kWh/m²/an - 156 kg CO²/m²/an
- Libre le 28/10/2025
- Châssis aluminium à l'avant (2024)
- Châssis PVC à l'arrière
- Double vitrage
- Parlophone
Tout voir";Avenue de Broqueville 270;Woluwe-Saint-Lambert;1200;88;1600;1;Appartement;False;False;['https://api-image.immovlan.be/v1/property/VBD43880/images/0b3ac5bed13c4729892a1bff9cd5497d.jpg/webp/ExtraLarge?mode=pad&format=webp&quality=75', 'https://api-image.immovlan.be/v1/property/VBD43880/images/9fff3b628baa45589d99c445165dfa52.jpg/webp/ExtraLarge?mode=pad&format=webp&quality=75', 'https://api-image.immovlan.be/v1/property/VBD43880/images/bfe0ea65935f43b1920287e135dcd19b.jpg/webp/ExtraLarge?mode=pad&format=webp&quality=75', 'https://api-image.immovlan.be/v1/property/VBD43880/images/89c386aaf10343278e0031f5aa93d256.jpg/webp/ExtraLarge?mode=pad&format=webp&quality=75', 'https://api-image.immovlan.be/v1/property/VBD43880/images/04f8fcc90a2b421daf33b60f0ac14dc3.jpg/webp/ExtraLarge?mode=pad&format=webp&quality=75', 'https://api-image.immovlan.be/v1/property/VBD43880/images/48c27a29d8ed45d285a34990dfb07598.jpg/webp/ExtraLarge?mode=pad&format=webp&quality=75', 'https://api-image.immovlan.be/v1/property/VBD43880/images/90a2939159404be18ff4cf10063b9a5a.jpg/webp/ExtraLarge?mode=pad&format=webp&quality=75', 'https://api-image.immovlan.be/v1/property/VBD43880/images/7dc811c2bc2448e2be47e243b7f68460.jpg/webp/ExtraLarge?mode=pad&format=webp&quality=75', 'https://api-image.immovlan.be/v1/property/VBD43880/images/073ca97e1540494eb5d6569fa6ced4c9.jpg/webp/ExtraLarge?mode=pad&format=webp&quality=75', 'https://api-image.immovlan.be/v1/property/VBD43880/images/e608eb4816454162b9989af4ffeb1ec9.jpg/webp/ExtraLarge?mode=pad&format=webp&quality=75', 'https://api-image.immovlan.be/v1/property/VBD43880/images/5c88fd0aa4bd4323a2f170e74821e4ea.jpg/webp/ExtraLarge?mode=pad&format=webp&quality=75', 'https://api-image.immovlan.be/v1/property/VBD43880/images/062b1cd1aeb54bccb27df27ac9e7f508.jpg/webp/ExtraLarge?mode=pad&format=webp&quality=75', 'https://api-image.immovlan.be/v1/property/VBD43880/images/668e701b45c5407fa879638ce0a69873.jpg/webp/ExtraLarge?mode=pad&format=webp&quality=75', 'https://api-image.immovlan.be/v1/property/VBD43880/images/5af6fe7034fb49ada989458c0cd6af24.jpg/webp/ExtraLarge?mode=pad&format=webp&quality=75', 'https://api-image.immovlan.be/v1/property/VBD43880/images/e720467c9a49455a99fdc396a30d4202.jpg/webp/ExtraLarge?mode=pad&format=webp&quality=75'];https://immovlan.be/fr/detail/appartement/a-louer/1200/woluwe-saint-lambert/vbd43880;location
Appartement;"MOLENBEEK-ST-JEAN – (B02.02) Découvrez un magnifique appartement unique au sein du projet Tannat, plus qu’une simple résidence ; un lieu de vie, un esprit de communauté. Ce projet alliant élégance, confort et conception écoresponsable situé en plein Cœur de Bruxelles. Vous bénéficierez d’un accès rapide aux transports en commun, ainsi que de nombreux commerces et commodités à quelques pas. Cet appartement 1 chambre + bureau avec une superficie de ±85m², est disponible pour une première occupation. Il se compose d’un hall d’entrée qui s’ouvre sur séjour de ±28m², une cuisine full équipée pour répondre à vos besoins. Les espaces privatifs comprennent 1 chambre (±14m²) + bureau (±9m²), 1 sdd, ainsi qu’un local technique. Une terrasse de ±7m² est accessible depuis le séjour. Un emplacement de parking est disponible à la location pour 100 €/mois. Le nombre d'emplacements étant limité, manifestez rapidement votre intérêt ! En complément, le projet Tannat se distingue par son esprit communautaire et ses nombreux espaces partagés. Vous pourrez notamment profiter d’un jardin intérieur verdoyant de ±1500 m², d’un espace privatisable, de laveries, d’un local vélo commun, et bien d’autres surprises qui rendront votre quotidien encore plus agréable. Provision et forfait pour charges : 200€/mois. Disponible. PEB estimé: B (pouvant être révisé à la fin de chantier). Mesures données à titre indicatif.
Tout voir";Rue des Quatre-Vents 147 6;Anderlecht;1070;85;1150;1;Appartement;False;False;['https://api-image.immovlan.be/v1/property/VBD43869/images/8e436e7351a54927ac12ad1ba36c8d2d.jpg/webp/ExtraLarge?mode=pad&format=webp&quality=75', 'https://api-image.immovlan.be/v1/property/VBD43869/images/a1b34be3abd6435a98339791a40d6416.jpg/webp/ExtraLarge?mode=pad&format=webp&quality=75', 'https://api-image.immovlan.be/v1/property/VBD43869/images/5cb19c2f0c404f50bff59df90461ecb7.jpg/webp/ExtraLarge?mode=pad&format=webp&quality=75', 'https://api-image.immovlan.be/v1/property/VBD43869/images/7542736f9dfd43e1ab7362d350fe9e5b.jpg/webp/ExtraLarge?mode=pad&format=webp&quality=75', 'https://api-image.immovlan.be/v1/property/VBD43869/images/7162d15b1a0d45edb2fa5ad7a9880a9d.jpg/webp/ExtraLarge?mode=pad&format=webp&quality=75', 'https://api-image.immovlan.be/v1/property/VBD43869/images/49cb8947018a48149ce6ee8ab851910c.jpg/webp/ExtraLarge?mode=pad&format=webp&quality=75', 'https://api-image.immovlan.be/v1/property/VBD43869/images/6d56174f6cfe4189ba33d9cd0617d39b.jpg/webp/ExtraLarge?mode=pad&format=webp&quality=75', 'https://api-image.immovlan.be/v1/property/VBD43869/images/453d4fe942d645df9afdb992f015e094.jpg/webp/ExtraLarge?mode=pad&format=webp&quality=75', 'https://api-image.immovlan.be/v1/property/VBD43869/images/cd80720c754a42b689a0f112fe07c3e7.jpg/webp/ExtraLarge?mode=pad&format=webp&quality=75', 'https://api-image.immovlan.be/v1/property/VBD43869/images/82671127544f42f9beb7acefc3928aae.jpg/webp/ExtraLarge?mode=pad&format=webp&quality=75', 'https://api-image.immovlan.be/v1/property/VBD43869/images/62976c9e264b4fc18299963c8485ded4.jpg/webp/ExtraLarge?mode=pad&format=webp&quality=75', 'https://api-image.immovlan.be/v1/property/VBD43869/images/38914ac92cfa4d61a290fd9f0737acbe.jpg/webp/ExtraLarge?mode=pad&format=webp&quality=75', 'https://api-image.immovlan.be/v1/property/VBD43869/images/44002c73ea7a43b8bd516f03c64fe7b5.jpg/webp/ExtraLarge?mode=pad&format=webp&quality=75', 'https://api-image.immovlan.be/v1/property/VBD43869/images/f1f3d28b06194626b58914a5563f2a7e.jpg/webp/ExtraLarge?mode=pad&format=webp&quality=75', 'https://api-image.immovlan.be/v1/property/VBD43869/images/60ebb9916a0b43238bde8e0b6f35208a.jpg/webp/ExtraLarge?mode=pad&format=webp&quality=75', 'https://api-image.immovlan.be/v1/property/VBD43869/images/2ed1989bd3724a3591122a41daf62120.jpg/webp/ExtraLarge?mode=pad&format=webp&quality=75', 'https://api-image.immovlan.be/v1/property/VBD43869/images/5d5220a113e74796956fda2fffbfb6df.jpg/webp/ExtraLarge?mode=pad&format=webp&quality=75', 'https://api-image.immovlan.be/v1/property/VBD43869/images/6b1e7c21b40748dcae885dcfa1accfab.jpg/webp/ExtraLarge?mode=pad&format=webp&quality=75'];https://immovlan.be/fr/detail/appartement/a-louer/1070/anderlecht/vbd43869;location
Appartement;"MOLENBEEK-ST-JEAN – (B02.02) Découvrez un magnifique appartement unique au sein du projet Tannat, plus qu’une simple résidence ; un lieu de vie, un esprit de communauté. Ce projet alliant élégance, confort et conception écoresponsable situé en plein Cœur de Bruxelles. Vous bénéficierez d’un accès rapide aux transports en commun, ainsi que de nombreux commerces et commodités à quelques pas. Cet appartement 1 chambre + bureau avec une superficie de ±85m², est disponible pour une première occupation. Il se compose d’un hall d’entrée qui s’ouvre sur séjour de ±28m², une cuisine full équipée pour répondre à vos besoins. Les espaces privatifs comprennent 1 chambres (±14 m²) et un bureau (±9m²), 1 sdd, ainsi qu’un local technique. Une terrasse de ±7m² est accessible depuis le séjour. Un emplacement de parking est disponible à la location pour 100 €/mois. Le nombre d'emplacements étant limité, manifestez rapidement votre intérêt ! En complément, le projet Tannat se distingue par son esprit communautaire et ses nombreux espaces partagés. Vous pourrez notamment profiter d’un jardin intérieur verdoyant de ±1500 m², d’un espace privatisable, de laveries, d’un local vélo commun, et bien d’autres surprises qui rendront votre quotidien encore plus agréable. Provision et forfait pour charges : 200€/mois. Disponible. PEB estimé: B (pouvant être révisé à la fin de chantier). Mesures données à titre indicatif.
Tout voir";Rue des Quatre-Vents 147 6;Molenbeek-Saint-Jean;1080;85;1150;1;Appartement;False;False;['https://api-image.immovlan.be/v1/property/VBD43868/images/0b9b7e9c3570495daa59ca6049156f17.jpg/webp/ExtraLarge?mode=pad&format=webp&quality=75', 'https://api-image.immovlan.be/v1/property/VBD43868/images/a493c0095e4e4baeaf41594f3741fb21.jpg/webp/ExtraLarge?mode=pad&format=webp&quality=75', 'https://api-image.immovlan.be/v1/property/VBD43868/images/88fc220fe1a24ca89fb10598c8a1ce3a.jpg/webp/ExtraLarge?mode=pad&format=webp&quality=75', 'https://api-image.immovlan.be/v1/property/VBD43868/images/a968ddd560244f6c8bb13ff99716ff67.jpg/webp/ExtraLarge?mode=pad&format=webp&quality=75', 'https://api-image.immovlan.be/v1/property/VBD43868/images/be105937d70f4e6f82395d8ae22d67e0.jpg/webp/ExtraLarge?mode=pad&format=webp&quality=75', 'https://api-image.immovlan.be/v1/property/VBD43868/images/e001cabf2b014cab8e6bd0d71768a7b9.jpg/webp/ExtraLarge?mode=pad&format=webp&quality=75', 'https://api-image.immovlan.be/v1/property/VBD43868/images/49440db13bff496ea00cf09728f6234e.jpg/webp/ExtraLarge?mode=pad&format=webp&quality=75', 'https://api-image.immovlan.be/v1/property/VBD43868/images/827da5df46cb4b64966d28c7377a243d.jpg/webp/ExtraLarge?mode=pad&format=webp&quality=75', 'https://api-image.immovlan.be/v1/property/VBD43868/images/7aa9703ffeba45de8b36c7742f9ea640.jpg/webp/ExtraLarge?mode=pad&format=webp&quality=75', 'https://api-image.immovlan.be/v1/property/VBD43868/images/574db947556744b4b082e01e18436e8e.jpg/webp/ExtraLarge?mode=pad&format=webp&quality=75', 'https://api-image.immovlan.be/v1/property/VBD43868/images/6db288c54ba3473fb57801f362450517.jpg/webp/ExtraLarge?mode=pad&format=webp&quality=75', 'https://api-image.immovlan.be/v1/property/VBD43868/images/8a0f408c13764c899a4f9c16f5250a65.jpg/webp/ExtraLarge?mode=pad&format=webp&quality=75', 'https://api-image.immovlan.be/v1/property/VBD43868/images/44002c73ea7a43b8bd516f03c64fe7b5.jpg/webp/ExtraLarge?mode=pad&format=webp&quality=75', 'https://api-image.immovlan.be/v1/property/VBD43868/images/5d5220a113e74796956fda2fffbfb6df.jpg/webp/ExtraLarge?mode=pad&format=webp&quality=75', 'https://api-image.immovlan.be/v1/property/VBD43868/images/2ed1989bd3724a3591122a41daf62120.jpg/webp/ExtraLarge?mode=pad&format=webp&quality=75', 'https://api-image.immovlan.be/v1/property/VBD43868/images/f1f3d28b06194626b58914a5563f2a7e.jpg/webp/ExtraLarge?mode=pad&format=webp&quality=75', 'https://api-image.immovlan.be/v1/property/VBD43868/images/6b1e7c21b40748dcae885dcfa1accfab.jpg/webp/ExtraLarge?mode=pad&format=webp&quality=75', 'https://api-image.immovlan.be/v1/property/VBD43868/images/60ebb9916a0b43238bde8e0b6f35208a.jpg/webp/ExtraLarge?mode=pad&format=webp&quality=75'];https://immovlan.be/fr/detail/appartement/a-louer/1080/molenbeek-saint-jean/vbd43868;location
Appartement;"MOLENBEEK-ST-JEAN – (B02.02) Découvrez un magnifique appartement unique au sein du projet Tannat, plus qu’une simple résidence ; un lieu de vie, un esprit de communauté. Ce projet alliant élégance, confort et conception écoresponsable situé en plein Cœur de Bruxelles. Vous bénéficierez d’un accès rapide aux transports en commun, ainsi que de nombreux commerces et commodités à quelques pas. Cet appartement 2 chambres avec une superficie de ±85m², est disponible pour une première occupation. Il se compose d’un hall d’entrée qui s’ouvre sur séjour de ±28m², une cuisine full équipée pour répondre à vos besoins. Les espaces privatifs comprennent 2 chambres (±14 m² et ±9m²), 1 sdd, ainsi qu’un local technique. Une terrasse de ±7m² est accessible depuis le séjour. Un emplacement de parking est disponible à la location pour 100 €/mois. Le nombre d'emplacements étant limité, manifestez rapidement votre intérêt ! En complément, le projet Tannat se distingue par son esprit communautaire et ses nombreux espaces partagés. Vous pourrez notamment profiter d’un jardin intérieur verdoyant de ±1500 m², d’un espace privatisable, de laveries, d’un local vélo commun, et bien d’autres surprises qui rendront votre quotidien encore plus agréable. Provision et forfait pour charges : 200€/mois. Disponible. PEB estimé: B (pouvant être révisé à la fin de chantier). Mesures données à titre indicatif.
Tout voir";Rue des Quatre-Vents 147 6;Anderlecht;1070;85;1150;1;Appartement;False;False;['https://api-image.immovlan.be/v1/property/VBD43867/images/8e436e7351a54927ac12ad1ba36c8d2d.jpg/webp/ExtraLarge?mode=pad&format=webp&quality=75', 'https://api-image.immovlan.be/v1/property/VBD43867/images/a1b34be3abd6435a98339791a40d6416.jpg/webp/ExtraLarge?mode=pad&format=webp&quality=75', 'https://api-image.immovlan.be/v1/property/VBD43867/images/5cb19c2f0c404f50bff59df90461ecb7.jpg/webp/ExtraLarge?mode=pad&format=webp&quality=75', 'https://api-image.immovlan.be/v1/property/VBD43867/images/7542736f9dfd43e1ab7362d350fe9e5b.jpg/webp/ExtraLarge?mode=pad&format=webp&quality=75', 'https://api-image.immovlan.be/v1/property/VBD43867/images/7162d15b1a0d45edb2fa5ad7a9880a9d.jpg/webp/ExtraLarge?mode=pad&format=webp&quality=75', 'https://api-image.immovlan.be/v1/property/VBD43867/images/49cb8947018a48149ce6ee8ab851910c.jpg/webp/ExtraLarge?mode=pad&format=webp&quality=75', 'https://api-image.immovlan.be/v1/property/VBD43867/images/6d56174f6cfe4189ba33d9cd0617d39b.jpg/webp/ExtraLarge?mode=pad&format=webp&quality=75', 'https://api-image.immovlan.be/v1/property/VBD43867/images/453d4fe942d645df9afdb992f015e094.jpg/webp/ExtraLarge?mode=pad&format=webp&quality=75', 'https://api-image.immovlan.be/v1/property/VBD43867/images/cd80720c754a42b689a0f112fe07c3e7.jpg/webp/ExtraLarge?mode=pad&format=webp&quality=75', 'https://api-image.immovlan.be/v1/property/VBD43867/images/82671127544f42f9beb7acefc3928aae.jpg/webp/ExtraLarge?mode=pad&format=webp&quality=75', 'https://api-image.immovlan.be/v1/property/VBD43867/images/62976c9e264b4fc18299963c8485ded4.jpg/webp/ExtraLarge?mode=pad&format=webp&quality=75', 'https://api-image.immovlan.be/v1/property/VBD43867/images/38914ac92cfa4d61a290fd9f0737acbe.jpg/webp/ExtraLarge?mode=pad&format=webp&quality=75', 'https://api-image.immovlan.be/v1/property/VBD43867/images/44002c73ea7a43b8bd516f03c64fe7b5.jpg/webp/ExtraLarge?mode=pad&format=webp&quality=75', 'https://api-image.immovlan.be/v1/property/VBD43867/images/f1f3d28b06194626b58914a5563f2a7e.jpg/webp/ExtraLarge?mode=pad&format=webp&quality=75', 'https://api-image.immovlan.be/v1/property/VBD43867/images/60ebb9916a0b43238bde8e0b6f35208a.jpg/webp/ExtraLarge?mode=pad&format=webp&quality=75', 'https://api-image.immovlan.be/v1/property/VBD43867/images/2ed1989bd3724a3591122a41daf62120.jpg/webp/ExtraLarge?mode=pad&format=webp&quality=75', 'https://api-image.immovlan.be/v1/property/VBD43867/images/5d5220a113e74796956fda2fffbfb6df.jpg/webp/ExtraLarge?mode=pad&format=webp&quality=75', 'https://api-image.immovlan.be/v1/property/VBD43867/images/6b1e7c21b40748dcae885dcfa1accfab.jpg/webp/ExtraLarge?mode=pad&format=webp&quality=75'];https://immovlan.be/fr/detail/appartement/a-louer/1070/anderlecht/vbd43867;location
Appartement;"MOLENBEEK-ST-JEAN – (B02.02) Découvrez un magnifique appartement unique au sein du projet Tannat, plus qu’une simple résidence ; un lieu de vie, un esprit de communauté. Ce projet alliant élégance, confort et conception écoresponsable situé en plein Cœur de Bruxelles. Vous bénéficierez d’un accès rapide aux transports en commun, ainsi que de nombreux commerces et commodités à quelques pas. Cet appartement 2 chambres avec une superficie de ±85m², est disponible pour une première occupation. Il se compose d’un hall d’entrée qui s’ouvre sur séjour de ±28m², une cuisine full équipée pour répondre à vos besoins. Les espaces privatifs comprennent 2 chambres (±14 m² et ±9m²), 1 sdd, ainsi qu’un local technique. Une terrasse de ±7m² est accessible depuis le séjour. Un emplacement de parking est disponible à la location pour 100 €/mois. Le nombre d'emplacements étant limité, manifestez rapidement votre intérêt ! En complément, le projet Tannat se distingue par son esprit communautaire et ses nombreux espaces partagés. Vous pourrez notamment profiter d’un jardin intérieur verdoyant de ±1500 m², d’un espace privatisable, de laveries, d’un local vélo commun, et bien d’autres surprises qui rendront votre quotidien encore plus agréable. Provision et forfait pour charges : 200€/mois. Disponible. PEB estimé: B (pouvant être révisé à la fin de chantier). Mesures données à titre indicatif.
Tout voir";Rue des Quatre-Vents 147 6;Molenbeek-Saint-Jean;1080;85;1150;1;Appartement;False;False;['https://api-image.immovlan.be/v1/property/VBD43866/images/0b9b7e9c3570495daa59ca6049156f17.jpg/webp/ExtraLarge?mode=pad&format=webp&quality=75', 'https://api-image.immovlan.be/v1/property/VBD43866/images/a493c0095e4e4baeaf41594f3741fb21.jpg/webp/ExtraLarge?mode=pad&format=webp&quality=75', 'https://api-image.immovlan.be/v1/property/VBD43866/images/88fc220fe1a24ca89fb10598c8a1ce3a.jpg/webp/ExtraLarge?mode=pad&format=webp&quality=75', 'https://api-image.immovlan.be/v1/property/VBD43866/images/a968ddd560244f6c8bb13ff99716ff67.jpg/webp/ExtraLarge?mode=pad&format=webp&quality=75', 'https://api-image.immovlan.be/v1/property/VBD43866/images/be105937d70f4e6f82395d8ae22d67e0.jpg/webp/ExtraLarge?mode=pad&format=webp&quality=75', 'https://api-image.immovlan.be/v1/property/VBD43866/images/e001cabf2b014cab8e6bd0d71768a7b9.jpg/webp/ExtraLarge?mode=pad&format=webp&quality=75', 'https://api-image.immovlan.be/v1/property/VBD43866/images/49440db13bff496ea00cf09728f6234e.jpg/webp/ExtraLarge?mode=pad&format=webp&quality=75', 'https://api-image.immovlan.be/v1/property/VBD43866/images/827da5df46cb4b64966d28c7377a243d.jpg/webp/ExtraLarge?mode=pad&format=webp&quality=75', 'https://api-image.immovlan.be/v1/property/VBD43866/images/7aa9703ffeba45de8b36c7742f9ea640.jpg/webp/ExtraLarge?mode=pad&format=webp&quality=75', 'https://api-image.immovlan.be/v1/property/VBD43866/images/574db947556744b4b082e01e18436e8e.jpg/webp/ExtraLarge?mode=pad&format=webp&quality=75', 'https://api-image.immovlan.be/v1/property/VBD43866/images/6db288c54ba3473fb57801f362450517.jpg/webp/ExtraLarge?mode=pad&format=webp&quality=75', 'https://api-image.immovlan.be/v1/property/VBD43866/images/8a0f408c13764c899a4f9c16f5250a65.jpg/webp/ExtraLarge?mode=pad&format=webp&quality=75', 'https://api-image.immovlan.be/v1/property/VBD43866/images/44002c73ea7a43b8bd516f03c64fe7b5.jpg/webp/ExtraLarge?mode=pad&format=webp&quality=75', 'https://api-image.immovlan.be/v1/property/VBD43866/images/5d5220a113e74796956fda2fffbfb6df.jpg/webp/ExtraLarge?mode=pad&format=webp&quality=75', 'https://api-image.immovlan.be/v1/property/VBD43866/images/2ed1989bd3724a3591122a41daf62120.jpg/webp/ExtraLarge?mode=pad&format=webp&quality=75', 'https://api-image.immovlan.be/v1/property/VBD43866/images/f1f3d28b06194626b58914a5563f2a7e.jpg/webp/ExtraLarge?mode=pad&format=webp&quality=75', 'https://api-image.immovlan.be/v1/property/VBD43866/images/6b1e7c21b40748dcae885dcfa1accfab.jpg/webp/ExtraLarge?mode=pad&format=webp&quality=75', 'https://api-image.immovlan.be/v1/property/VBD43866/images/60ebb9916a0b43238bde8e0b6f35208a.jpg/webp/ExtraLarge?mode=pad&format=webp&quality=75'];https://immovlan.be/fr/detail/appartement/a-louer/1080/molenbeek-saint-jean/vbd43866;location
Appartement;"MOLENBEEK-ST-JEAN – (A01.01) Découvrez un magnifique appartement unique au sein du projet Tannat, plus qu’une simple résidence ; un lieu de vie, un esprit de communauté. Ce projet alliant élégance, confort et conception écoresponsable situé en plein Cœur de Bruxelles. Vous bénéficierez d’un accès rapide aux transports en commun, ainsi que de nombreux commerces et commodités à quelques pas. Cet appartement 1 chambre + bureu avec une superficie généreuse de ±85m², est disponible pour une première occupation. Il se compose d’un hall d’entrée qui s’ouvre sur séjour de ±28m², une cuisine équipée pour répondre à vos besoins. Les espaces privatifs comprennent 1 chambre (±14m²) + bureau (±9m²), 1 sdd, ainsi qu’un local technique. Une terrasse de ±8m² est accessible depuis le séjour. Un emplacement de parking est disponible à la location pour 100 €/mois. Le nombre d'emplacements étant limité, manifestez rapidement votre intérêt ! Le projet Tannat se distingue par son esprit communautaire et ses nombreux espaces partagés. Vous pourrez notamment profiter d’un jardin intérieur verdoyant de ±1500 m², d’un espace privatisable, de laveries, d’un local vélo commun, et bien d’autres surprises qui rendront votre quotidien encore plus agréable. Provision et forfait pour charges : 200€/mois Disponible. PEB estimé : B (pouvant être révisé à la fin de chantier). Mesures données à titre indicatif.
Tout voir";Rue des Quatre-Vents 149 1;Anderlecht;1070;85;1150;1;Appartement;False;False;['https://api-image.immovlan.be/v1/property/VBD43865/images/c9222b5c50fa410c9d435d17041286fd.jpg/webp/ExtraLarge?mode=pad&format=webp&quality=75', 'https://api-image.immovlan.be/v1/property/VBD43865/images/57a2e97a364d455e8d4ca75ba0f3a72a.jpg/webp/ExtraLarge?mode=pad&format=webp&quality=75', 'https://api-image.immovlan.be/v1/property/VBD43865/images/e7affc2535a44262825807aa895d30f2.jpg/webp/ExtraLarge?mode=pad&format=webp&quality=75', 'https://api-image.immovlan.be/v1/property/VBD43865/images/52766fca2303414a96369b4c53a6da97.jpg/webp/ExtraLarge?mode=pad&format=webp&quality=75', 'https://api-image.immovlan.be/v1/property/VBD43865/images/5ea1910bfe4d4693a27432e2078d9132.jpg/webp/ExtraLarge?mode=pad&format=webp&quality=75', 'https://api-image.immovlan.be/v1/property/VBD43865/images/b25471142b8e4658b3f5e7cad55e7fc9.jpg/webp/ExtraLarge?mode=pad&format=webp&quality=75', 'https://api-image.immovlan.be/v1/property/VBD43865/images/d4978e5ff7624605b64f24bf890bf33e.jpg/webp/ExtraLarge?mode=pad&format=webp&quality=75', 'https://api-image.immovlan.be/v1/property/VBD43865/images/d6afbf4757f44f209bc906b626d93765.jpg/webp/ExtraLarge?mode=pad&format=webp&quality=75', 'https://api-image.immovlan.be/v1/property/VBD43865/images/6443c4e81dcc4878ae0b0576a629b7b3.jpg/webp/ExtraLarge?mode=pad&format=webp&quality=75', 'https://api-image.immovlan.be/v1/property/VBD43865/images/243cebce996e4077898fce206f83064b.jpg/webp/ExtraLarge?mode=pad&format=webp&quality=75', 'https://api-image.immovlan.be/v1/property/VBD43865/images/8a39e1d4556644d9a80fd77d585c59b8.jpg/webp/ExtraLarge?mode=pad&format=webp&quality=75', 'https://api-image.immovlan.be/v1/property/VBD43865/images/1ec504c3dcc94b54b7991006524c0e51.jpg/webp/ExtraLarge?mode=pad&format=webp&quality=75', 'https://api-image.immovlan.be/v1/property/VBD43865/images/6b1e7c21b40748dcae885dcfa1accfab.jpg/webp/ExtraLarge?mode=pad&format=webp&quality=75', 'https://api-image.immovlan.be/v1/property/VBD43865/images/60ebb9916a0b43238bde8e0b6f35208a.jpg/webp/ExtraLarge?mode=pad&format=webp&quality=75', 'https://api-image.immovlan.be/v1/property/VBD43865/images/f1f3d28b06194626b58914a5563f2a7e.jpg/webp/ExtraLarge?mode=pad&format=webp&quality=75', 'https://api-image.immovlan.be/v1/property/VBD43865/images/5d5220a113e74796956fda2fffbfb6df.jpg/webp/ExtraLarge?mode=pad&format=webp&quality=75', 'https://api-image.immovlan.be/v1/property/VBD43865/images/2ed1989bd3724a3591122a41daf62120.jpg/webp/ExtraLarge?mode=pad&format=webp&quality=75'];https://immovlan.be/fr/detail/appartement/a-louer/1070/anderlecht/vbd43865;location
Appartement;"MOLENBEEK-ST-JEAN – (A01.01) Découvrez un magnifique appartement unique au sein du projet Tannat, plus qu’une simple résidence ; un lieu de vie, un esprit de communauté. Ce projet alliant élégance, confort et conception écoresponsable situé en plein Cœur de Bruxelles. Vous bénéficierez d’un accès rapide aux transports en commun, ainsi que de nombreux commerces et commodités à quelques pas. Cet appartement 1 chambre + bureau avec une superficie généreuse de ±85m², est disponible pour une première occupation. Il se compose d’un hall d’entrée qui s’ouvre sur séjour de ±28m², une cuisine équipée pour répondre à vos besoins. Les espaces privatifs comprennent 1 chambre (±14m²) et un bureau (±9m²), 1 sdd, ainsi qu’un local technique. Une terrasse de ±8m² est accessible depuis le séjour. Un emplacement de parking est disponible à la location pour 100 €/mois. Le nombre d'emplacements étant limité, manifestez rapidement votre intérêt ! Le projet Tannat se distingue par son esprit communautaire et ses nombreux espaces partagés. Vous pourrez notamment profiter d’un jardin intérieur verdoyant de ±1500 m², d’un espace privatisable, de laveries, d’un local vélo commun, et bien d’autres surprises qui rendront votre quotidien encore plus agréable. Provision et forfait pour charges : 200€/mois. Disponible. PEB estimé : B (pouvant être révisé à la fin de chantier). Mesures données à titre indicatif.
Tout voir";Rue des Quatre-Vents 149 1;Molenbeek-Saint-Jean;1080;85;1150;1;Appartement;False;False;['https://api-image.immovlan.be/v1/property/VBD43864/images/bf58625788914edfab44fa02e2540763.jpg/webp/ExtraLarge?mode=pad&format=webp&quality=75', 'https://api-image.immovlan.be/v1/property/VBD43864/images/d7fbf91380b74d298487edf6bb3b16c7.jpg/webp/ExtraLarge?mode=pad&format=webp&quality=75', 'https://api-image.immovlan.be/v1/property/VBD43864/images/628f64e93efb4d418d8390313eb3fcff.jpg/webp/ExtraLarge?mode=pad&format=webp&quality=75', 'https://api-image.immovlan.be/v1/property/VBD43864/images/12698c3ac04b4625b6c3a1523bc173b9.jpg/webp/ExtraLarge?mode=pad&format=webp&quality=75', 'https://api-image.immovlan.be/v1/property/VBD43864/images/bfa46a2fcdc444b7a1206f1b8830a5dd.jpg/webp/ExtraLarge?mode=pad&format=webp&quality=75', 'https://api-image.immovlan.be/v1/property/VBD43864/images/99fa45b6c284432c937db152c1f2b6cb.jpg/webp/ExtraLarge?mode=pad&format=webp&quality=75', 'https://api-image.immovlan.be/v1/property/VBD43864/images/c7550771b7c942d69854364be6732a68.jpg/webp/ExtraLarge?mode=pad&format=webp&quality=75', 'https://api-image.immovlan.be/v1/property/VBD43864/images/4e1cc36a4f914242ac28dac83cb13927.jpg/webp/ExtraLarge?mode=pad&format=webp&quality=75', 'https://api-image.immovlan.be/v1/property/VBD43864/images/f8f82f1974794659b6c5e05478b0bb68.jpg/webp/ExtraLarge?mode=pad&format=webp&quality=75', 'https://api-image.immovlan.be/v1/property/VBD43864/images/4a18a2b7b2504683ae43d174ae3d9b59.jpg/webp/ExtraLarge?mode=pad&format=webp&quality=75', 'https://api-image.immovlan.be/v1/property/VBD43864/images/6ed1abe59c094ce2989bd59d6b83f1b4.jpg/webp/ExtraLarge?mode=pad&format=webp&quality=75', 'https://api-image.immovlan.be/v1/property/VBD43864/images/20355cb3dffe42df9d46fffe8e3adeb3.jpg/webp/ExtraLarge?mode=pad&format=webp&quality=75', 'https://api-image.immovlan.be/v1/property/VBD43864/images/f1f3d28b06194626b58914a5563f2a7e.jpg/webp/ExtraLarge?mode=pad&format=webp&quality=75', 'https://api-image.immovlan.be/v1/property/VBD43864/images/2ed1989bd3724a3591122a41daf62120.jpg/webp/ExtraLarge?mode=pad&format=webp&quality=75', 'https://api-image.immovlan.be/v1/property/VBD43864/images/60ebb9916a0b43238bde8e0b6f35208a.jpg/webp/ExtraLarge?mode=pad&format=webp&quality=75', 'https://api-image.immovlan.be/v1/property/VBD43864/images/6b1e7c21b40748dcae885dcfa1accfab.jpg/webp/ExtraLarge?mode=pad&format=webp&quality=75', 'https://api-image.immovlan.be/v1/property/VBD43864/images/5d5220a113e74796956fda2fffbfb6df.jpg/webp/ExtraLarge?mode=pad&format=webp&quality=75'];https://immovlan.be/fr/detail/appartement/a-louer/1080/molenbeek-saint-jean/vbd43864;location
Appartement;"MOLENBEEK-ST-JEAN – (A01.01) Découvrez un magnifique appartement unique au sein du projet Tannat, plus qu’une simple résidence ; un lieu de vie, un esprit de communauté. Ce projet alliant élégance, confort et conception écoresponsable situé en plein Cœur de Bruxelles. Vous bénéficierez d’un accès rapide aux transports en commun, ainsi que de nombreux commerces et commodités à quelques pas. Cet appartement 2 chambres avec une superficie généreuse de ±85m², est disponible pour une première occupation. Il se compose d’un hall d’entrée qui s’ouvre sur séjour de ±28m², une cuisine équipée pour répondre à vos besoins. Les espaces privatifs comprennent 2 chambres (±14m² et ±9m²), 1 sdd, ainsi qu’un local technique. Une terrasse de ±8m² est accessible depuis le séjour. Un emplacement de parking est disponible à la location pour 100 €/mois. Le nombre d'emplacements étant limité, manifestez rapidement votre intérêt ! Le projet Tannat se distingue par son esprit communautaire et ses nombreux espaces partagés. Vous pourrez notamment profiter d’un jardin intérieur verdoyant de ±1500 m², d’un espace privatisable, de laveries, d’un local vélo commun, et bien d’autres surprises qui rendront votre quotidien encore plus agréable. Provision et forfait pour charges : 200€/mois Disponible. PEB estimé : B (pouvant être révisé à la fin de chantier). Mesures données à titre indicatif.
Tout voir";Rue des Quatre-Vents 149 1;Anderlecht;1070;85;1150;1;Appartement;False;False;['https://api-image.immovlan.be/v1/property/VBD43863/images/c9222b5c50fa410c9d435d17041286fd.jpg/webp/ExtraLarge?mode=pad&format=webp&quality=75', 'https://api-image.immovlan.be/v1/property/VBD43863/images/57a2e97a364d455e8d4ca75ba0f3a72a.jpg/webp/ExtraLarge?mode=pad&format=webp&quality=75', 'https://api-image.immovlan.be/v1/property/VBD43863/images/e7affc2535a44262825807aa895d30f2.jpg/webp/ExtraLarge?mode=pad&format=webp&quality=75', 'https://api-image.immovlan.be/v1/property/VBD43863/images/52766fca2303414a96369b4c53a6da97.jpg/webp/ExtraLarge?mode=pad&format=webp&quality=75', 'https://api-image.immovlan.be/v1/property/VBD43863/images/5ea1910bfe4d4693a27432e2078d9132.jpg/webp/ExtraLarge?mode=pad&format=webp&quality=75', 'https://api-image.immovlan.be/v1/property/VBD43863/images/b25471142b8e4658b3f5e7cad55e7fc9.jpg/webp/ExtraLarge?mode=pad&format=webp&quality=75', 'https://api-image.immovlan.be/v1/property/VBD43863/images/d4978e5ff7624605b64f24bf890bf33e.jpg/webp/ExtraLarge?mode=pad&format=webp&quality=75', 'https://api-image.immovlan.be/v1/property/VBD43863/images/d6afbf4757f44f209bc906b626d93765.jpg/webp/ExtraLarge?mode=pad&format=webp&quality=75', 'https://api-image.immovlan.be/v1/property/VBD43863/images/6443c4e81dcc4878ae0b0576a629b7b3.jpg/webp/ExtraLarge?mode=pad&format=webp&quality=75', 'https://api-image.immovlan.be/v1/property/VBD43863/images/243cebce996e4077898fce206f83064b.jpg/webp/ExtraLarge?mode=pad&format=webp&quality=75', 'https://api-image.immovlan.be/v1/property/VBD43863/images/8a39e1d4556644d9a80fd77d585c59b8.jpg/webp/ExtraLarge?mode=pad&format=webp&quality=75', 'https://api-image.immovlan.be/v1/property/VBD43863/images/1ec504c3dcc94b54b7991006524c0e51.jpg/webp/ExtraLarge?mode=pad&format=webp&quality=75', 'https://api-image.immovlan.be/v1/property/VBD43863/images/6b1e7c21b40748dcae885dcfa1accfab.jpg/webp/ExtraLarge?mode=pad&format=webp&quality=75', 'https://api-image.immovlan.be/v1/property/VBD43863/images/60ebb9916a0b43238bde8e0b6f35208a.jpg/webp/ExtraLarge?mode=pad&format=webp&quality=75', 'https://api-image.immovlan.be/v1/property/VBD43863/images/f1f3d28b06194626b58914a5563f2a7e.jpg/webp/ExtraLarge?mode=pad&format=webp&quality=75', 'https://api-image.immovlan.be/v1/property/VBD43863/images/5d5220a113e74796956fda2fffbfb6df.jpg/webp/ExtraLarge?mode=pad&format=webp&quality=75', 'https://api-image.immovlan.be/v1/property/VBD43863/images/2ed1989bd3724a3591122a41daf62120.jpg/webp/ExtraLarge?mode=pad&format=webp&quality=75'];https://immovlan.be/fr/detail/appartement/a-louer/1070/anderlecht/vbd43863;location
Appartement;"MOLENBEEK-ST-JEAN – (A01.01) Découvrez un magnifique appartement unique au sein du projet Tannat, plus qu’une simple résidence ; un lieu de vie, un esprit de communauté. Ce projet alliant élégance, confort et conception écoresponsable situé en plein Cœur de Bruxelles. Vous bénéficierez d’un accès rapide aux transports en commun, ainsi que de nombreux commerces et commodités à quelques pas. Cet appartement 2 chambres avec une superficie généreuse de ±85m², est disponible pour une première occupation. Il se compose d’un hall d’entrée qui s’ouvre sur séjour de ±28m², une cuisine équipée pour répondre à vos besoins. Les espaces privatifs comprennent 2 chambres (±14m² et ±9m²), 1 sdd, ainsi qu’un local technique. Une terrasse de ±8m² est accessible depuis le séjour. Un emplacement de parking est disponible à la location pour 100 €/mois. Le nombre d'emplacements étant limité, manifestez rapidement votre intérêt ! Le projet Tannat se distingue par son esprit communautaire et ses nombreux espaces partagés. Vous pourrez notamment profiter d’un jardin intérieur verdoyant de ±1500 m², d’un espace privatisable, de laveries, d’un local vélo commun, et bien d’autres surprises qui rendront votre quotidien encore plus agréable. Provision et forfait pour charges : 200€/mois. Disponible. PEB estimé : B (pouvant être révisé à la fin de chantier). Mesures données à titre indicatif.
Tout voir";Rue des Quatre-Vents 149 1;Molenbeek-Saint-Jean;1080;85;1150;1;Appartement;False;False;['https://api-image.immovlan.be/v1/property/VBD43862/images/bf58625788914edfab44fa02e2540763.jpg/webp/ExtraLarge?mode=pad&format=webp&quality=75', 'https://api-image.immovlan.be/v1/property/VBD43862/images/d7fbf91380b74d298487edf6bb3b16c7.jpg/webp/ExtraLarge?mode=pad&format=webp&quality=75', 'https://api-image.immovlan.be/v1/property/VBD43862/images/628f64e93efb4d418d8390313eb3fcff.jpg/webp/ExtraLarge?mode=pad&format=webp&quality=75', 'https://api-image.immovlan.be/v1/property/VBD43862/images/12698c3ac04b4625b6c3a1523bc173b9.jpg/webp/ExtraLarge?mode=pad&format=webp&quality=75', 'https://api-image.immovlan.be/v1/property/VBD43862/images/bfa46a2fcdc444b7a1206f1b8830a5dd.jpg/webp/ExtraLarge?mode=pad&format=webp&quality=75', 'https://api-image.immovlan.be/v1/property/VBD43862/images/99fa45b6c284432c937db152c1f2b6cb.jpg/webp/ExtraLarge?mode=pad&format=webp&quality=75', 'https://api-image.immovlan.be/v1/property/VBD43862/images/c7550771b7c942d69854364be6732a68.jpg/webp/ExtraLarge?mode=pad&format=webp&quality=75', 'https://api-image.immovlan.be/v1/property/VBD43862/images/4e1cc36a4f914242ac28dac83cb13927.jpg/webp/ExtraLarge?mode=pad&format=webp&quality=75', 'https://api-image.immovlan.be/v1/property/VBD43862/images/f8f82f1974794659b6c5e05478b0bb68.jpg/webp/ExtraLarge?mode=pad&format=webp&quality=75', 'https://api-image.immovlan.be/v1/property/VBD43862/images/4a18a2b7b2504683ae43d174ae3d9b59.jpg/webp/ExtraLarge?mode=pad&format=webp&quality=75', 'https://api-image.immovlan.be/v1/property/VBD43862/images/6ed1abe59c094ce2989bd59d6b83f1b4.jpg/webp/ExtraLarge?mode=pad&format=webp&quality=75', 'https://api-image.immovlan.be/v1/property/VBD43862/images/20355cb3dffe42df9d46fffe8e3adeb3.jpg/webp/ExtraLarge?mode=pad&format=webp&quality=75', 'https://api-image.immovlan.be/v1/property/VBD43862/images/f1f3d28b06194626b58914a5563f2a7e.jpg/webp/ExtraLarge?mode=pad&format=webp&quality=75', 'https://api-image.immovlan.be/v1/property/VBD43862/images/2ed1989bd3724a3591122a41daf62120.jpg/webp/ExtraLarge?mode=pad&format=webp&quality=75', 'https://api-image.immovlan.be/v1/property/VBD43862/images/60ebb9916a0b43238bde8e0b6f35208a.jpg/webp/ExtraLarge?mode=pad&format=webp&quality=75', 'https://api-image.immovlan.be/v1/property/VBD43862/images/6b1e7c21b40748dcae885dcfa1accfab.jpg/webp/ExtraLarge?mode=pad&format=webp&quality=75', 'https://api-image.immovlan.be/v1/property/VBD43862/images/5d5220a113e74796956fda2fffbfb6df.jpg/webp/ExtraLarge?mode=pad&format=webp&quality=75'];https://immovlan.be/fr/detail/appartement/a-louer/1080/molenbeek-saint-jean/vbd43862;location
Appartement;"MOLENBEEK-ST-JEAN – (A02.04) Découvrez un magnifique appartement unique au sein du projet Tannat, plus qu’une simple résidence; un lieu de vie, un esprit de communauté. Ce projet alliant élégance, confort et conception écoresponsable situé en plein Cœur de Bruxelles. Vous bénéficierez d’un accès rapide aux transports en commun, ainsi que de nombreux commerces et commodités à quelques pas. Cet appartement 3 chambres avec une superficie de ±134m², est disponible pour une première occupation. Il se compose d’un hall d’entrée qui s’ouvre sur séjour de ±40m², une cuisine full équipée pour répondre à vos besoins. Les espaces privatifs comprennent 3 chambres (±14m²,±14 m²,±13m²), 1 sdb, 1 sdd, ainsi qu’un local technique. Une terrasse de ±15m² est accessible depuis le séjour/ch. Un emplacement de parking est disponible à la location pour 100 €/mois. Le nombre d'emplacements étant limité, manifestez rapidement votre intérêt ! Le projet Tannat se distingue par son esprit communautaire et ses nombreux espaces partagés. Vous pourrez notamment profiter d’un jardin intérieur verdoyant de ±1500 m², d’un espace privatisable, de laveries, d’un local vélo commun, et bien d’autres surprises qui rendront votre quotidien encore plus agréable. Provision et forfait pour charges : 285€/mois. Disponible. PEB estimé: B (pouvant être révisé à la fin de chantier).Mesures données à titre indicatif.
Tout voir";Rue des Quatre-Vents 149 9;Anderlecht;1070;134;1730;1;Appartement;False;False;['https://api-image.immovlan.be/v1/property/VBD43861/images/3536a006c73649e69e14303f78836262.jpg/webp/ExtraLarge?mode=pad&format=webp&quality=75', 'https://api-image.immovlan.be/v1/property/VBD43861/images/be2afb36354b4f1abc6d25f36cfa3330.jpg/webp/ExtraLarge?mode=pad&format=webp&quality=75', 'https://api-image.immovlan.be/v1/property/VBD43861/images/397a12b129bf45e19f2efa535409234d.jpg/webp/ExtraLarge?mode=pad&format=webp&quality=75', 'https://api-image.immovlan.be/v1/property/VBD43861/images/f9f532185ba9406fbbc951f811c362ec.jpg/webp/ExtraLarge?mode=pad&format=webp&quality=75', 'https://api-image.immovlan.be/v1/property/VBD43861/images/f1f3d28b06194626b58914a5563f2a7e.jpg/webp/ExtraLarge?mode=pad&format=webp&quality=75', 'https://api-image.immovlan.be/v1/property/VBD43861/images/bd0ed872a41e4349a11c98125e6f18e4.jpg/webp/ExtraLarge?mode=pad&format=webp&quality=75', 'https://api-image.immovlan.be/v1/property/VBD43861/images/fa8f9020f3984379a22894f16de0679e.jpg/webp/ExtraLarge?mode=pad&format=webp&quality=75', 'https://api-image.immovlan.be/v1/property/VBD43861/images/50a47406cbfc49d0a63b76248e5c1463.jpg/webp/ExtraLarge?mode=pad&format=webp&quality=75', 'https://api-image.immovlan.be/v1/property/VBD43861/images/42ec06c44fe24c93bed18f01c5b0f303.jpg/webp/ExtraLarge?mode=pad&format=webp&quality=75', 'https://api-image.immovlan.be/v1/property/VBD43861/images/14eda7c127d2492aa8307191f0e3ff59.jpg/webp/ExtraLarge?mode=pad&format=webp&quality=75', 'https://api-image.immovlan.be/v1/property/VBD43861/images/66094f73716a489783b634515c5494f1.jpg/webp/ExtraLarge?mode=pad&format=webp&quality=75', 'https://api-image.immovlan.be/v1/property/VBD43861/images/329b14a4307c4d45a9f5b2b407a230d0.jpg/webp/ExtraLarge?mode=pad&format=webp&quality=75', 'https://api-image.immovlan.be/v1/property/VBD43861/images/07f5793a1ca244998d3fc78c53313511.jpg/webp/ExtraLarge?mode=pad&format=webp&quality=75', 'https://api-image.immovlan.be/v1/property/VBD43861/images/60ebb9916a0b43238bde8e0b6f35208a.jpg/webp/ExtraLarge?mode=pad&format=webp&quality=75', 'https://api-image.immovlan.be/v1/property/VBD43861/images/6b1e7c21b40748dcae885dcfa1accfab.jpg/webp/ExtraLarge?mode=pad&format=webp&quality=75', 'https://api-image.immovlan.be/v1/property/VBD43861/images/5d5220a113e74796956fda2fffbfb6df.jpg/webp/ExtraLarge?mode=pad&format=webp&quality=75', 'https://api-image.immovlan.be/v1/property/VBD43861/images/2ed1989bd3724a3591122a41daf62120.jpg/webp/ExtraLarge?mode=pad&format=webp&quality=75', 'https://api-image.immovlan.be/v1/property/VBD43861/images/8a96227562194733be7f64417d8c9857.jpg/webp/ExtraLarge?mode=pad&format=webp&quality=75'];https://immovlan.be/fr/detail/appartement/a-louer/1070/anderlecht/vbd43861;location
Appartement;"MOLENBEEK-ST-JEAN – (A02.04) Découvrez un magnifique appartement unique au sein du projet Tannat, plus qu’une simple résidence; un lieu de vie, un esprit de communauté. Ce projet alliant élégance, confort et conception écoresponsable situé en plein Cœur de Bruxelles. Vous bénéficierez d’un accès rapide aux transports en commun, ainsi que de nombreux commerces et commodités à quelques pas. Cet appartement 3 chambres avec une superficie de ±134m², est disponible pour une première occupation. Il se compose d’un hall d’entrée qui s’ouvre sur séjour de ±40m², une cuisine full équipée pour répondre à vos besoins. Les espaces privatifs comprennent 3 chambres (±14m²,±14 m²,±13m²), 1 sdb, 1 sdd, ainsi qu’un local technique. Une terrasse de ±15m² est accessible depuis le séjour/ch. Un emplacement de parking est disponible à la location pour 100 €/mois. Le nombre d'emplacements étant limité, manifestez rapidement votre intérêt ! Le projet Tannat se distingue par son esprit communautaire et ses nombreux espaces partagés. Vous pourrez notamment profiter d’un jardin intérieur verdoyant de ±1500 m², d’un espace privatisable, de laveries, d’un local vélo commun, et bien d’autres surprises qui rendront votre quotidien encore plus agréable. Provision et forfait pour charges : 285€/mois. Disponible. PEB estimé:B (pouvant être révisé à la fin de chantier).Mesures données à titre indicatif.
Tout voir";Rue des Quatre-Vents 149 9;Molenbeek-Saint-Jean;1080;134;1730;1;Appartement;False;False;['https://api-image.immovlan.be/v1/property/VBD43860/images/aa3fb1ac37f642cbb362c0bfe1cda1d1.jpg/webp/ExtraLarge?mode=pad&format=webp&quality=75', 'https://api-image.immovlan.be/v1/property/VBD43860/images/66176475e71140eb9447d4cdbf7f9928.jpg/webp/ExtraLarge?mode=pad&format=webp&quality=75', 'https://api-image.immovlan.be/v1/property/VBD43860/images/1d5b89692ad147d7ab1da77e14b0b087.jpg/webp/ExtraLarge?mode=pad&format=webp&quality=75', 'https://api-image.immovlan.be/v1/property/VBD43860/images/aace14a002d2402a93ca3323b6d150a5.jpg/webp/ExtraLarge?mode=pad&format=webp&quality=75', 'https://api-image.immovlan.be/v1/property/VBD43860/images/2c3125ea19f343a894a9d799b30d4282.jpg/webp/ExtraLarge?mode=pad&format=webp&quality=75', 'https://api-image.immovlan.be/v1/property/VBD43860/images/98a7f6fbdf5f4d02a2015e5d0081462c.jpg/webp/ExtraLarge?mode=pad&format=webp&quality=75', 'https://api-image.immovlan.be/v1/property/VBD43860/images/88f24c1825db4c029834d692885b7720.jpg/webp/ExtraLarge?mode=pad&format=webp&quality=75', 'https://api-image.immovlan.be/v1/property/VBD43860/images/37eaa2ad396b4e159c78153d73066501.jpg/webp/ExtraLarge?mode=pad&format=webp&quality=75', 'https://api-image.immovlan.be/v1/property/VBD43860/images/71a460948b934f9cac9a7d0e947c3c07.jpg/webp/ExtraLarge?mode=pad&format=webp&quality=75', 'https://api-image.immovlan.be/v1/property/VBD43860/images/3038a8ff0682419888cc17e1c41dfee7.jpg/webp/ExtraLarge?mode=pad&format=webp&quality=75', 'https://api-image.immovlan.be/v1/property/VBD43860/images/77333bc43c2847bfaf7c7ef0271a3a9a.jpg/webp/ExtraLarge?mode=pad&format=webp&quality=75', 'https://api-image.immovlan.be/v1/property/VBD43860/images/eeb6baa2b69541d2853bcabedb02227d.jpg/webp/ExtraLarge?mode=pad&format=webp&quality=75', 'https://api-image.immovlan.be/v1/property/VBD43860/images/520e5644682b422389aeb52fb78b832d.jpg/webp/ExtraLarge?mode=pad&format=webp&quality=75', 'https://api-image.immovlan.be/v1/property/VBD43860/images/2460c7e2379943e8bf02ebb358f365df.jpg/webp/ExtraLarge?mode=pad&format=webp&quality=75', 'https://api-image.immovlan.be/v1/property/VBD43860/images/8a96227562194733be7f64417d8c9857.jpg/webp/ExtraLarge?mode=pad&format=webp&quality=75', 'https://api-image.immovlan.be/v1/property/VBD43860/images/2ed1989bd3724a3591122a41daf62120.jpg/webp/ExtraLarge?mode=pad&format=webp&quality=75', 'https://api-image.immovlan.be/v1/property/VBD43860/images/f1f3d28b06194626b58914a5563f2a7e.jpg/webp/ExtraLarge?mode=pad&format=webp&quality=75', 'https://api-image.immovlan.be/v1/property/VBD43860/images/60ebb9916a0b43238bde8e0b6f35208a.jpg/webp/ExtraLarge?mode=pad&format=webp&quality=75', 'https://api-image.immovlan.be/v1/property/VBD43860/images/6b1e7c21b40748dcae885dcfa1accfab.jpg/webp/ExtraLarge?mode=pad&format=webp&quality=75', 'https://api-image.immovlan.be/v1/property/VBD43860/images/5d5220a113e74796956fda2fffbfb6df.jpg/webp/ExtraLarge?mode=pad&format=webp&quality=75'];https://immovlan.be/fr/detail/appartement/a-louer/1080/molenbeek-saint-jean/vbd43860;location
Appartement;"MOLENBEEK-ST-JEAN – (A03.05) Découvrez un magnifique appartement unique au sein du projet Tannat, plus qu’une simple résidence ; un lieu de vie, un esprit de communauté. Ce projet alliant élégance, confort et conception écoresponsable situé en plein Cœur de Bruxelles. Vous bénéficierez d’un accès rapide aux transports en commun, ainsi que de nombreux commerces et commodités à quelques pas. Cet appartement 1 chambre + bureau avec une superficie généreuse de ±85m², est disponible pour une première occupation. Il se compose d’un hall d’entrée qui s’ouvre sur séjour de ±28m², une cuisine équipée pour répondre à vos besoins. Les espaces privatifs comprennent 1 chambre (±14m²) et bureau (±9m²), 1 sdd, ainsi qu’un local technique. Une terrasse de ±8m² est accessible depuis le séjour. Un emplacement de parking est disponible à la location pour 100 €/mois. Le nombre d'emplacements étant limité, manifestez rapidement votre intérêt ! Le projet Tannat se distingue par son esprit communautaire et ses nombreux espaces partagés. Vous pourrez notamment profiter d’un jardin intérieur verdoyant de ±1500 m², d’un espace privatisable, de laveries, d’un local vélo commun, et bien d’autres surprises qui rendront votre quotidien encore plus agréable. Provision et forfait pour charges : 200€/mois Disponible le 15/09/2025. PEB estimé : B (pouvant être révisé à la fin de chantier). Mesures données à titre indicatif.
Tout voir";Rue des Quatre-Vents 149 1;Molenbeek-Saint-Jean;1080;85;1160;1;Appartement;False;False;['https://api-image.immovlan.be/v1/property/VBD43859/images/5cfed0bc95f942b8b187d8a8cb8f436e.jpg/webp/ExtraLarge?mode=pad&format=webp&quality=75', 'https://api-image.immovlan.be/v1/property/VBD43859/images/a8fb4f4927f84d3da2ea1d82fbb781c6.jpg/webp/ExtraLarge?mode=pad&format=webp&quality=75', 'https://api-image.immovlan.be/v1/property/VBD43859/images/291767c8cc6b441d83ec46d604682958.jpg/webp/ExtraLarge?mode=pad&format=webp&quality=75', 'https://api-image.immovlan.be/v1/property/VBD43859/images/5efc8c290fff474896c1787f038841f1.jpg/webp/ExtraLarge?mode=pad&format=webp&quality=75', 'https://api-image.immovlan.be/v1/property/VBD43859/images/2c7655be98da4dae92180970be5c8eab.jpg/webp/ExtraLarge?mode=pad&format=webp&quality=75', 'https://api-image.immovlan.be/v1/property/VBD43859/images/f71295d20dfd49089384e08c91d9fdc6.jpg/webp/ExtraLarge?mode=pad&format=webp&quality=75', 'https://api-image.immovlan.be/v1/property/VBD43859/images/83dd10e3a81b44479cfee54eac00ea87.jpg/webp/ExtraLarge?mode=pad&format=webp&quality=75', 'https://api-image.immovlan.be/v1/property/VBD43859/images/014061e85a3b45d1a55e217980c6d32a.jpg/webp/ExtraLarge?mode=pad&format=webp&quality=75', 'https://api-image.immovlan.be/v1/property/VBD43859/images/a916ee3b2413467bb683c99b578bd690.jpg/webp/ExtraLarge?mode=pad&format=webp&quality=75', 'https://api-image.immovlan.be/v1/property/VBD43859/images/f10daf837c184b3ba4a023ff65869754.jpg/webp/ExtraLarge?mode=pad&format=webp&quality=75', 'https://api-image.immovlan.be/v1/property/VBD43859/images/f3697d26e9a4469b96d3578ac679df21.jpg/webp/ExtraLarge?mode=pad&format=webp&quality=75', 'https://api-image.immovlan.be/v1/property/VBD43859/images/07111a8dd277400cace4f3107f30033b.jpg/webp/ExtraLarge?mode=pad&format=webp&quality=75', 'https://api-image.immovlan.be/v1/property/VBD43859/images/2ed1989bd3724a3591122a41daf62120.jpg/webp/ExtraLarge?mode=pad&format=webp&quality=75', 'https://api-image.immovlan.be/v1/property/VBD43859/images/917d5df220ab438cb31b3544efcc07a0.jpg/webp/ExtraLarge?mode=pad&format=webp&quality=75', 'https://api-image.immovlan.be/v1/property/VBD43859/images/60ebb9916a0b43238bde8e0b6f35208a.jpg/webp/ExtraLarge?mode=pad&format=webp&quality=75', 'https://api-image.immovlan.be/v1/property/VBD43859/images/f1f3d28b06194626b58914a5563f2a7e.jpg/webp/ExtraLarge?mode=pad&format=webp&quality=75', 'https://api-image.immovlan.be/v1/property/VBD43859/images/5d5220a113e74796956fda2fffbfb6df.jpg/webp/ExtraLarge?mode=pad&format=webp&quality=75', 'https://api-image.immovlan.be/v1/property/VBD43859/images/6b1e7c21b40748dcae885dcfa1accfab.jpg/webp/ExtraLarge?mode=pad&format=webp&quality=75'];https://immovlan.be/fr/detail/appartement/a-louer/1080/molenbeek-saint-jean/vbd43859;location
Appartement;"MOLENBEEK-ST-JEAN – (A03.05) Découvrez un magnifique appartement unique au sein du projet Tannat, plus qu’une simple résidence ; un lieu de vie, un esprit de communauté. Ce projet alliant élégance, confort et conception écoresponsable situé en plein Cœur de Bruxelles. Vous bénéficierez d’un accès rapide aux transports en commun, ainsi que de nombreux commerces et commodités à quelques pas. Cet appartement 1 chambre + bureau avec une superficie généreuse de ±85m², est disponible pour une première occupation. Il se compose d’un hall d’entrée qui s’ouvre sur séjour de ±28m², une cuisine équipée pour répondre à vos besoins. Les espaces privatifs comprennent 1 chambre (±14m²) et bureau (±9m²), 1 sdd, ainsi qu’un local technique. Une terrasse de ±8m² est accessible depuis le séjour. Un emplacement de parking est disponible à la location pour 100 €/mois. Le nombre d'emplacements étant limité, manifestez rapidement votre intérêt ! Le projet Tannat se distingue par son esprit communautaire et ses nombreux espaces partagés. Vous pourrez notamment profiter d’un jardin intérieur verdoyant de ±1500 m², d’un espace privatisable, de laveries, d’un local vélo commun, et bien d’autres surprises qui rendront votre quotidien encore plus agréable. Provision et forfait pour charges : 200€/mois Disponible le 15/09/2025. PEB estimé : B (pouvant être révisé à la fin de chantier). Mesures données à titre indicatif.
Tout voir";Rue des Quatre-Vents 149 1;Anderlecht;1070;85;1160;1;Appartement;False;False;['https://api-image.immovlan.be/v1/property/VBD43858/images/5cfed0bc95f942b8b187d8a8cb8f436e.jpg/webp/ExtraLarge?mode=pad&format=webp&quality=75', 'https://api-image.immovlan.be/v1/property/VBD43858/images/a8fb4f4927f84d3da2ea1d82fbb781c6.jpg/webp/ExtraLarge?mode=pad&format=webp&quality=75', 'https://api-image.immovlan.be/v1/property/VBD43858/images/291767c8cc6b441d83ec46d604682958.jpg/webp/ExtraLarge?mode=pad&format=webp&quality=75', 'https://api-image.immovlan.be/v1/property/VBD43858/images/5efc8c290fff474896c1787f038841f1.jpg/webp/ExtraLarge?mode=pad&format=webp&quality=75', 'https://api-image.immovlan.be/v1/property/VBD43858/images/2c7655be98da4dae92180970be5c8eab.jpg/webp/ExtraLarge?mode=pad&format=webp&quality=75', 'https://api-image.immovlan.be/v1/property/VBD43858/images/f71295d20dfd49089384e08c91d9fdc6.jpg/webp/ExtraLarge?mode=pad&format=webp&quality=75', 'https://api-image.immovlan.be/v1/property/VBD43858/images/83dd10e3a81b44479cfee54eac00ea87.jpg/webp/ExtraLarge?mode=pad&format=webp&quality=75', 'https://api-image.immovlan.be/v1/property/VBD43858/images/014061e85a3b45d1a55e217980c6d32a.jpg/webp/ExtraLarge?mode=pad&format=webp&quality=75', 'https://api-image.immovlan.be/v1/property/VBD43858/images/a916ee3b2413467bb683c99b578bd690.jpg/webp/ExtraLarge?mode=pad&format=webp&quality=75', 'https://api-image.immovlan.be/v1/property/VBD43858/images/f10daf837c184b3ba4a023ff65869754.jpg/webp/ExtraLarge?mode=pad&format=webp&quality=75', 'https://api-image.immovlan.be/v1/property/VBD43858/images/f3697d26e9a4469b96d3578ac679df21.jpg/webp/ExtraLarge?mode=pad&format=webp&quality=75', 'https://api-image.immovlan.be/v1/property/VBD43858/images/07111a8dd277400cace4f3107f30033b.jpg/webp/ExtraLarge?mode=pad&format=webp&quality=75', 'https://api-image.immovlan.be/v1/property/VBD43858/images/2ed1989bd3724a3591122a41daf62120.jpg/webp/ExtraLarge?mode=pad&format=webp&quality=75', 'https://api-image.immovlan.be/v1/property/VBD43858/images/917d5df220ab438cb31b3544efcc07a0.jpg/webp/ExtraLarge?mode=pad&format=webp&quality=75', 'https://api-image.immovlan.be/v1/property/VBD43858/images/60ebb9916a0b43238bde8e0b6f35208a.jpg/webp/ExtraLarge?mode=pad&format=webp&quality=75', 'https://api-image.immovlan.be/v1/property/VBD43858/images/f1f3d28b06194626b58914a5563f2a7e.jpg/webp/ExtraLarge?mode=pad&format=webp&quality=75', 'https://api-image.immovlan.be/v1/property/VBD43858/images/5d5220a113e74796956fda2fffbfb6df.jpg/webp/ExtraLarge?mode=pad&format=webp&quality=75', 'https://api-image.immovlan.be/v1/property/VBD43858/images/6b1e7c21b40748dcae885dcfa1accfab.jpg/webp/ExtraLarge?mode=pad&format=webp&quality=75'];https://immovlan.be/fr/detail/appartement/a-louer/1070/anderlecht/vbd43858;location
Appartement;"MOLENBEEK-ST-JEAN – (A03.05) Découvrez un magnifique appartement unique au sein du projet Tannat, plus qu’une simple résidence ; un lieu de vie, un esprit de communauté. Ce projet alliant élégance, confort et conception écoresponsable situé en plein Cœur de Bruxelles. Vous bénéficierez d’un accès rapide aux transports en commun, ainsi que de nombreux commerces et commodités à quelques pas. Cet appartement 2 chambres avec une superficie généreuse de ±85m², est disponible pour une première occupation. Il se compose d’un hall d’entrée qui s’ouvre sur séjour de ±28m², une cuisine équipée pour répondre à vos besoins. Les espaces privatifs comprennent 2 chambres (±14m² et ±9m²), 1 sdd, ainsi qu’un local technique. Une terrasse de ±8m² est accessible depuis le séjour. Un emplacement de parking est disponible à la location pour 100 €/mois. Le nombre d'emplacements étant limité, manifestez rapidement votre intérêt ! Le projet Tannat se distingue par son esprit communautaire et ses nombreux espaces partagés. Vous pourrez notamment profiter d’un jardin intérieur verdoyant de ±1500 m², d’un espace privatisable, de laveries, d’un local vélo commun, et bien d’autres surprises qui rendront votre quotidien encore plus agréable. Provision et forfait pour charges : 200€/mois Disponible le 15/09/2025. PEB estimé : B (pouvant être révisé à la fin de chantier). Mesures données à titre indicatif.
Tout voir";Rue des Quatre-Vents 149 1;Anderlecht;1070;85;1160;1;Appartement;False;False;['https://api-image.immovlan.be/v1/property/VBD43856/images/a8fb4f4927f84d3da2ea1d82fbb781c6.jpg/webp/ExtraLarge?mode=pad&format=webp&quality=75', 'https://api-image.immovlan.be/v1/property/VBD43856/images/5cfed0bc95f942b8b187d8a8cb8f436e.jpg/webp/ExtraLarge?mode=pad&format=webp&quality=75', 'https://api-image.immovlan.be/v1/property/VBD43856/images/291767c8cc6b441d83ec46d604682958.jpg/webp/ExtraLarge?mode=pad&format=webp&quality=75', 'https://api-image.immovlan.be/v1/property/VBD43856/images/5efc8c290fff474896c1787f038841f1.jpg/webp/ExtraLarge?mode=pad&format=webp&quality=75', 'https://api-image.immovlan.be/v1/property/VBD43856/images/2c7655be98da4dae92180970be5c8eab.jpg/webp/ExtraLarge?mode=pad&format=webp&quality=75', 'https://api-image.immovlan.be/v1/property/VBD43856/images/f71295d20dfd49089384e08c91d9fdc6.jpg/webp/ExtraLarge?mode=pad&format=webp&quality=75', 'https://api-image.immovlan.be/v1/property/VBD43856/images/83dd10e3a81b44479cfee54eac00ea87.jpg/webp/ExtraLarge?mode=pad&format=webp&quality=75', 'https://api-image.immovlan.be/v1/property/VBD43856/images/014061e85a3b45d1a55e217980c6d32a.jpg/webp/ExtraLarge?mode=pad&format=webp&quality=75', 'https://api-image.immovlan.be/v1/property/VBD43856/images/a916ee3b2413467bb683c99b578bd690.jpg/webp/ExtraLarge?mode=pad&format=webp&quality=75', 'https://api-image.immovlan.be/v1/property/VBD43856/images/f10daf837c184b3ba4a023ff65869754.jpg/webp/ExtraLarge?mode=pad&format=webp&quality=75', 'https://api-image.immovlan.be/v1/property/VBD43856/images/f3697d26e9a4469b96d3578ac679df21.jpg/webp/ExtraLarge?mode=pad&format=webp&quality=75', 'https://api-image.immovlan.be/v1/property/VBD43856/images/07111a8dd277400cace4f3107f30033b.jpg/webp/ExtraLarge?mode=pad&format=webp&quality=75', 'https://api-image.immovlan.be/v1/property/VBD43856/images/2ed1989bd3724a3591122a41daf62120.jpg/webp/ExtraLarge?mode=pad&format=webp&quality=75', 'https://api-image.immovlan.be/v1/property/VBD43856/images/917d5df220ab438cb31b3544efcc07a0.jpg/webp/ExtraLarge?mode=pad&format=webp&quality=75', 'https://api-image.immovlan.be/v1/property/VBD43856/images/60ebb9916a0b43238bde8e0b6f35208a.jpg/webp/ExtraLarge?mode=pad&format=webp&quality=75', 'https://api-image.immovlan.be/v1/property/VBD43856/images/f1f3d28b06194626b58914a5563f2a7e.jpg/webp/ExtraLarge?mode=pad&format=webp&quality=75', 'https://api-image.immovlan.be/v1/property/VBD43856/images/5d5220a113e74796956fda2fffbfb6df.jpg/webp/ExtraLarge?mode=pad&format=webp&quality=75', 'https://api-image.immovlan.be/v1/property/VBD43856/images/6b1e7c21b40748dcae885dcfa1accfab.jpg/webp/ExtraLarge?mode=pad&format=webp&quality=75'];https://immovlan.be/fr/detail/appartement/a-louer/1070/anderlecht/vbd43856;location
Appartement;"MOLENBEEK-ST-JEAN – (A03.05) Découvrez un magnifique appartement unique au sein du projet Tannat, plus qu’une simple résidence ; un lieu de vie, un esprit de communauté. Ce projet alliant élégance, confort et conception écoresponsable situé en plein Cœur de Bruxelles. Vous bénéficierez d’un accès rapide aux transports en commun, ainsi que de nombreux commerces et commodités à quelques pas. Cet appartement 2 chambres avec une superficie généreuse de ±85m², est disponible pour une première occupation. Il se compose d’un hall d’entrée qui s’ouvre sur séjour de ±28m², une cuisine équipée pour répondre à vos besoins. Les espaces privatifs comprennent 2 chambres (±14m² et ±9m²), 1 sdd, ainsi qu’un local technique. Une terrasse de ±8m² est accessible depuis le séjour. Un emplacement de parking est disponible à la location pour 100 €/mois. Le nombre d'emplacements étant limité, manifestez rapidement votre intérêt ! Le projet Tannat se distingue par son esprit communautaire et ses nombreux espaces partagés. Vous pourrez notamment profiter d’un jardin intérieur verdoyant de ±1500 m², d’un espace privatisable, de laveries, d’un local vélo commun, et bien d’autres surprises qui rendront votre quotidien encore plus agréable. Provision et forfait pour charges : 200€/mois. Disponible le 15/09/2025. PEB estimé : B (pouvant être révisé à la fin de chantier). Mesures données à titre indicatif.
Tout voir";Rue des Quatre-Vents 149 1;Molenbeek-Saint-Jean;1080;85;1160;1;Appartement;False;False;['https://api-image.immovlan.be/v1/property/VBD43855/images/322d1c54d5374ff2a626e4bd1b02ee16.jpg/webp/ExtraLarge?mode=pad&format=webp&quality=75', 'https://api-image.immovlan.be/v1/property/VBD43855/images/f959aac207994a14b2b9474e31e28d91.jpg/webp/ExtraLarge?mode=pad&format=webp&quality=75', 'https://api-image.immovlan.be/v1/property/VBD43855/images/2b334587a21a4665a28977314d95fa7f.jpg/webp/ExtraLarge?mode=pad&format=webp&quality=75', 'https://api-image.immovlan.be/v1/property/VBD43855/images/27b5bcd854bb4b39b922c9fbf5adbf3f.jpg/webp/ExtraLarge?mode=pad&format=webp&quality=75', 'https://api-image.immovlan.be/v1/property/VBD43855/images/6e4ef890921b4a96b67f3fd61222e048.jpg/webp/ExtraLarge?mode=pad&format=webp&quality=75', 'https://api-image.immovlan.be/v1/property/VBD43855/images/ff96e4c374cd4e7e81b7188686b40281.jpg/webp/ExtraLarge?mode=pad&format=webp&quality=75', 'https://api-image.immovlan.be/v1/property/VBD43855/images/10e7d7eb225442a7b7e372e39db36784.jpg/webp/ExtraLarge?mode=pad&format=webp&quality=75', 'https://api-image.immovlan.be/v1/property/VBD43855/images/60868257e1c84346b95cf92cbbf28579.jpg/webp/ExtraLarge?mode=pad&format=webp&quality=75', 'https://api-image.immovlan.be/v1/property/VBD43855/images/5f0d9f76978042e59fff309d0f8d0737.jpg/webp/ExtraLarge?mode=pad&format=webp&quality=75', 'https://api-image.immovlan.be/v1/property/VBD43855/images/0e3f0e234c004cb3a6fcfc58b3a5071a.jpg/webp/ExtraLarge?mode=pad&format=webp&quality=75', 'https://api-image.immovlan.be/v1/property/VBD43855/images/cf9aedeaf2764e6cb4e1221878a7fd60.jpg/webp/ExtraLarge?mode=pad&format=webp&quality=75', 'https://api-image.immovlan.be/v1/property/VBD43855/images/93e6783371254374b44c9156b15c0ba1.jpg/webp/ExtraLarge?mode=pad&format=webp&quality=75', 'https://api-image.immovlan.be/v1/property/VBD43855/images/917d5df220ab438cb31b3544efcc07a0.jpg/webp/ExtraLarge?mode=pad&format=webp&quality=75', 'https://api-image.immovlan.be/v1/property/VBD43855/images/2ed1989bd3724a3591122a41daf62120.jpg/webp/ExtraLarge?mode=pad&format=webp&quality=75', 'https://api-image.immovlan.be/v1/property/VBD43855/images/f1f3d28b06194626b58914a5563f2a7e.jpg/webp/ExtraLarge?mode=pad&format=webp&quality=75', 'https://api-image.immovlan.be/v1/property/VBD43855/images/6b1e7c21b40748dcae885dcfa1accfab.jpg/webp/ExtraLarge?mode=pad&format=webp&quality=75', 'https://api-image.immovlan.be/v1/property/VBD43855/images/60ebb9916a0b43238bde8e0b6f35208a.jpg/webp/ExtraLarge?mode=pad&format=webp&quality=75', 'https://api-image.immovlan.be/v1/property/VBD43855/images/5d5220a113e74796956fda2fffbfb6df.jpg/webp/ExtraLarge?mode=pad&format=webp&quality=75'];https://immovlan.be/fr/detail/appartement/a-louer/1080/molenbeek-saint-jean/vbd43855;location
Penthouse;BRUXELLES – sur la célèbre avenue de la Toison d’Or, situé au 7ième étage d’une résidence prestigieuse, penthouse NEUF 3 chambres d’exception de ±211m² offre des volumes remarquables et deux vastes terrasses de ±85m² et ±46m². L’appartement se compose d’un hall d’entrée avec porte blindée, vestiaire, WC séparé, buanderie et local technique. Le spacieux séjour de ±62 m² s’ouvre sur une cuisine ouverte, entièrement équipée, avec accès direct à la terrasse principale de ±85m² exposée Ouest. L’espace nuit se répartit en trois parties distinctes : Une première chambre de ±20 m² avec salle de bains attenante et accès à la terrasse de ±46m² exposée Est. Une suite parentale de ±37 m² comprenant dressing, chambre de ±14 m², salle d’eau ouverte et accès à la même terrasse exposée Est. Une troisième chambre de ±14 m² avec salle de douche et également accès à la terrasse Est. Le bien dispose en outre de 4 emplacements de parking optionnels (175 €/mois/emplacement) et de 2 caves. Provision de charges pour les communs et la conciergerie : 500€/mois. PEB : B. Libre immédiatement pour une première occupation. Mesures données à titre indicatif.;Avenue de la Toison d'Or 19;Ixelles;1050;211;4600;1;Penthouse;False;False;['https://api-image.immovlan.be/v1/property/VBD43854/images/618331cfbaa74889873fa2632522c653.jpg/webp/ExtraLarge?mode=pad&format=webp&quality=75', 'https://api-image.immovlan.be/v1/property/VBD43854/images/3cd15bd9caab4b5da91c2879a7333feb.jpg/webp/ExtraLarge?mode=pad&format=webp&quality=75', 'https://api-image.immovlan.be/v1/property/VBD43854/images/f6980f7f038a4d3d8a5554e8ea3e9207.jpg/webp/ExtraLarge?mode=pad&format=webp&quality=75', 'https://api-image.immovlan.be/v1/property/VBD43854/images/01a8327b3ccd439aa616f506fce3ba1c.jpg/webp/ExtraLarge?mode=pad&format=webp&quality=75', 'https://api-image.immovlan.be/v1/property/VBD43854/images/b10ce7c6123c4fa1af448e8ad2e59ba8.jpg/webp/ExtraLarge?mode=pad&format=webp&quality=75', 'https://api-image.immovlan.be/v1/property/VBD43854/images/f7da1a82ac8c4278825868c31618b5bc.jpg/webp/ExtraLarge?mode=pad&format=webp&quality=75', 'https://api-image.immovlan.be/v1/property/VBD43854/images/f7b4d495d24b4004adbb723be60554b6.jpg/webp/ExtraLarge?mode=pad&format=webp&quality=75', 'https://api-image.immovlan.be/v1/property/VBD43854/images/742ec6a66dee47fa99ccf7ee601c50ed.jpg/webp/ExtraLarge?mode=pad&format=webp&quality=75', 'https://api-image.immovlan.be/v1/property/VBD43854/images/835f5dc12c4e45de948b992260bed902.jpg/webp/ExtraLarge?mode=pad&format=webp&quality=75', 'https://api-image.immovlan.be/v1/property/VBD43854/images/b033c4ddd4d94c82a31392ba8d134849.jpg/webp/ExtraLarge?mode=pad&format=webp&quality=75', 'https://api-image.immovlan.be/v1/property/VBD43854/images/b7f4d8d97f1a448f8706629126353c57.jpg/webp/ExtraLarge?mode=pad&format=webp&quality=75', 'https://api-image.immovlan.be/v1/property/VBD43854/images/1d5f6834a24343248d68b8be81f3b1cd.jpg/webp/ExtraLarge?mode=pad&format=webp&quality=75', 'https://api-image.immovlan.be/v1/property/VBD43854/images/e222b4ac5c0f47d2929a1fc7f16c5ee9.jpg/webp/ExtraLarge?mode=pad&format=webp&quality=75', 'https://api-image.immovlan.be/v1/property/VBD43854/images/35b644ea373d413890863cfa5fa10828.jpg/webp/ExtraLarge?mode=pad&format=webp&quality=75', 'https://api-image.immovlan.be/v1/property/VBD43854/images/5f7c5a322c814a56b9a522d2e834e04c.jpg/webp/ExtraLarge?mode=pad&format=webp&quality=75', 'https://api-image.immovlan.be/v1/property/VBD43854/images/a27a38cf26104af6835dd98c3b1f8c67.jpg/webp/ExtraLarge?mode=pad&format=webp&quality=75', 'https://api-image.immovlan.be/v1/property/VBD43854/images/14f8e3a626824c77892bc8abf33ff092.jpg/webp/ExtraLarge?mode=pad&format=webp&quality=75', 'https://api-image.immovlan.be/v1/property/VBD43854/images/990c467b45d14b5cbc11300725469f6f.jpg/webp/ExtraLarge?mode=pad&format=webp&quality=75', 'https://api-image.immovlan.be/v1/property/VBD43854/images/591554e58b0e49d8b0bb243a98709288.jpg/webp/ExtraLarge?mode=pad&format=webp&quality=75', 'https://api-image.immovlan.be/v1/property/VBD43854/images/2a4805a6f3c2421faf31092cc3daf39e.jpg/webp/ExtraLarge?mode=pad&format=webp&quality=75', 'https://api-image.immovlan.be/v1/property/VBD43854/images/463eca7b28fb4d8ab945aee78aa5aafb.jpg/webp/ExtraLarge?mode=pad&format=webp&quality=75', 'https://api-image.immovlan.be/v1/property/VBD43854/images/1ec4bcd1c7894605a6b632359e99048e.jpg/webp/ExtraLarge?mode=pad&format=webp&quality=75', 'https://api-image.immovlan.be/v1/property/VBD43854/images/142cab9264444202b7340501b56e258c.jpg/webp/ExtraLarge?mode=pad&format=webp&quality=75', 'https://api-image.immovlan.be/v1/property/VBD43854/images/ac08c5e017a74a518bd47850a222ccb5.jpg/webp/ExtraLarge?mode=pad&format=webp&quality=75', 'https://api-image.immovlan.be/v1/property/VBD43854/images/4a3ee308c93e4ffba1479599a9621641.jpg/webp/ExtraLarge?mode=pad&format=webp&quality=75', 'https://api-image.immovlan.be/v1/property/VBD43854/images/7f69b9d1be314d06a98bcbe74fb87e12.jpg/webp/ExtraLarge?mode=pad&format=webp&quality=75', 'https://api-image.immovlan.be/v1/property/VBD43854/images/bac4ab373cc944aca4142bccc9d30b7c.jpg/webp/ExtraLarge?mode=pad&format=webp&quality=75', 'https://api-image.immovlan.be/v1/property/VBD43854/images/1db916dbb8a6430bb2f5e58256da2bd9.jpg/webp/ExtraLarge?mode=pad&format=webp&quality=75', 'https://api-image.immovlan.be/v1/property/VBD43854/images/ea84e140db574b8eaa4b4fa6fd8c91ca.jpg/webp/ExtraLarge?mode=pad&format=webp&quality=75'];https://immovlan.be/fr/detail/penthouse/a-louer/1050/ixelles/vbd43854;location
Appartement;Dans un environnement calme et verdoyant, à proximité de Fort-Jaco et de toutes les facilités, vous trouverez ce bel appartement de +/- 78m² aménagé comme suit comme suit: Hall d'entrée, 1 cuisine entièrement équipée, 1 balcon, living ultra lumineux et offrant une magnifique vue via une grande baie vitrée menant à une belle terrasse. Un hall de nuit menant vers les deux chambres, une toilette séparée et une salle de douche. Compteur électrique individuel. Chauffage collectif. Cave disponible avec l'appartement. Concierge. PEB: D- (n°20191122-0000560470-1-4). Libre le 1er décembre 2025. Provisions pour charges de 250€ comprenant les communs (concierge), l'eau chaude et le chauffage, l'ascenseur, l'électricité des communs,...). Infos & Visites au Tel ou Contact;Rue du Ham 124;Uccle;1180;78;1200;1;Appartement;False;False;['https://api-image.immovlan.be/v1/property/VBD43832/images/af2e6625c14a4d38a57fd7216032147a.jpg/webp/ExtraLarge?mode=pad&format=webp&quality=75', 'https://api-image.immovlan.be/v1/property/VBD43832/images/6d62967cb1c44e0fbf1d563233a282d0.jpg/webp/ExtraLarge?mode=pad&format=webp&quality=75', 'https://api-image.immovlan.be/v1/property/VBD43832/images/8c6332ad490a44c2aeae3cfd82b0276a.jpg/webp/ExtraLarge?mode=pad&format=webp&quality=75', 'https://api-image.immovlan.be/v1/property/VBD43832/images/e692dd959177458aafc24e697990b09a.jpg/webp/ExtraLarge?mode=pad&format=webp&quality=75', 'https://api-image.immovlan.be/v1/property/VBD43832/images/bdb0fcd870114b378ffa45bbc8f4eaba.jpg/webp/ExtraLarge?mode=pad&format=webp&quality=75', 'https://api-image.immovlan.be/v1/property/VBD43832/images/5876977801a24648bb66188d75476ffd.jpg/webp/ExtraLarge?mode=pad&format=webp&quality=75', 'https://api-image.immovlan.be/v1/property/VBD43832/images/603be485f59e4ddeac3af55944ef2a8d.jpg/webp/ExtraLarge?mode=pad&format=webp&quality=75', 'https://api-image.immovlan.be/v1/property/VBD43832/images/a43cefa6447048cab2333c3d5f80822b.jpg/webp/ExtraLarge?mode=pad&format=webp&quality=75'];https://immovlan.be/fr/detail/appartement/a-louer/1180/uccle/vbd43832;location
Studio;DEMANDE DE VISITE UNIQUEMENT VIA CE LIEN : https://hendrix.whoose.be/7142320 L'immobilière Hendrix vous propose cet appartement/studio 1 chambre de ± 58m² se démarquant par son standing et ses belles hauteurs et moulures sous-plafond. L’appartement se compose d’un séjour lumineux, une cuisine tout équipée. La chambre spacieuse (ouverte sur le séjour) communique directement avec la salle de bains et la buanderie. L'accès à la terrasse complète l’ensemble. Une cave privative est incluse en sous-sol. Provisions de charges pour les communs : 30€/mois. Compteurs individuels. Disponible le 1er décembre 2025. PEB : C — n°20210413-0000586621-01-2 Retrouvez tous nos biens sur : www.hendrix.be;Rue Van Oost 48;Schaerbeek;1030;58;850;1;Studio;False;False;['https://api-image.immovlan.be/v1/property/VBD43765/images/b8362dcf60344585bf25b3ad2da9ffce.jpg/webp/ExtraLarge?mode=pad&format=webp&quality=75', 'https://api-image.immovlan.be/v1/property/VBD43765/images/88f5814912854fe2a04338bc89df54fc.jpg/webp/ExtraLarge?mode=pad&format=webp&quality=75', 'https://api-image.immovlan.be/v1/property/VBD43765/images/1e32e7d51e004b3cb968f428fe506703.jpg/webp/ExtraLarge?mode=pad&format=webp&quality=75', 'https://api-image.immovlan.be/v1/property/VBD43765/images/1299f34dfd5247658ff910f06e4f1e0e.jpg/webp/ExtraLarge?mode=pad&format=webp&quality=75', 'https://api-image.immovlan.be/v1/property/VBD43765/images/dbbb4ff174a744a29a9225630d0439d5.jpg/webp/ExtraLarge?mode=pad&format=webp&quality=75', 'https://api-image.immovlan.be/v1/property/VBD43765/images/7cbfeae8e1f745bfa7924d40b21cf6ac.jpg/webp/ExtraLarge?mode=pad&format=webp&quality=75', 'https://api-image.immovlan.be/v1/property/VBD43765/images/6b1a6d4e7b3c477ca4dc2ca696539c3a.jpg/webp/ExtraLarge?mode=pad&format=webp&quality=75', 'https://api-image.immovlan.be/v1/property/VBD43765/images/5f44f2e0a6384e5587e41849f600c505.jpg/webp/ExtraLarge?mode=pad&format=webp&quality=75'];https://immovlan.be/fr/detail/studio/a-louer/1030/schaerbeek/vbd43765;location
Appartement;Dans le Quartier Européen, superbe appartement meublé d'une superficie totale de ± 90 m² au sein d'un immeuble résidentiel. Il se compose d’un hall d’entrée, d’un vaste et lumineux séjour (± 33 m²) avec une cuisine ouverte super équipée, de 2 belles chambres (± 12 m² et ± 9 m²) chacune avec sa salle de bains attenante. Deux magnifiques terrasses (± 32 m²) orientées plein Sud et offrant une vue panoramique complètent l’ensemble. Cave incluse. Charges : 270 €/mois (Provision pour l’entretien des parties communes). PEB E+. Disponible immédiatement. À découvrir en exclusivité chez Vaneau Lecobel !!;Rue Godecharle 6;Ixelles;1050;86;1600;1;Appartement;False;False;['https://api-image.immovlan.be/v1/property/VBD43589/images/c9251b6faca8414d873d38c9b8e30d0d.jpg/webp/ExtraLarge?mode=pad&format=webp&quality=75', 'https://api-image.immovlan.be/v1/property/VBD43589/images/6e7c63609d2f42a3ba08a85706da62e2.jpg/webp/ExtraLarge?mode=pad&format=webp&quality=75', 'https://api-image.immovlan.be/v1/property/VBD43589/images/3cee1fab31a64064a3fda4f6b2bbd328.jpg/webp/ExtraLarge?mode=pad&format=webp&quality=75', 'https://api-image.immovlan.be/v1/property/VBD43589/images/ef7da71e6c774f6ca0148161479f7f83.jpg/webp/ExtraLarge?mode=pad&format=webp&quality=75', 'https://api-image.immovlan.be/v1/property/VBD43589/images/487d2a901b5c4ef7ae2a8b0470c964ce.jpg/webp/ExtraLarge?mode=pad&format=webp&quality=75', 'https://api-image.immovlan.be/v1/property/VBD43589/images/00ac8d1cce0846d49b5501f1f4172f04.jpg/webp/ExtraLarge?mode=pad&format=webp&quality=75', 'https://api-image.immovlan.be/v1/property/VBD43589/images/ecb1fad14ff94861806bb44b9203026a.jpg/webp/ExtraLarge?mode=pad&format=webp&quality=75', 'https://api-image.immovlan.be/v1/property/VBD43589/images/b87197f56aee44d487becde34ed03e7b.jpg/webp/ExtraLarge?mode=pad&format=webp&quality=75', 'https://api-image.immovlan.be/v1/property/VBD43589/images/31fc57c6a0d546ab9ab3e09b25248916.jpg/webp/ExtraLarge?mode=pad&format=webp&quality=75', 'https://api-image.immovlan.be/v1/property/VBD43589/images/4982e77889df4e4487395f10cfa737ac.jpg/webp/ExtraLarge?mode=pad&format=webp&quality=75', 'https://api-image.immovlan.be/v1/property/VBD43589/images/94567eeb19144c61a7855d676ab69e44.jpg/webp/ExtraLarge?mode=pad&format=webp&quality=75', 'https://api-image.immovlan.be/v1/property/VBD43589/images/425300e00ad44da8babc4c49012be92d.jpg/webp/ExtraLarge?mode=pad&format=webp&quality=75'];https://immovlan.be/fr/detail/appartement/a-louer/1050/ixelles/vbd43589;location
Appartement;"JETTE : appartement situé sur l'élégante Avenue Charles Woeste, reconnue pour son caractère résidentiel et son accesibilité.
A proximité de commerces (Delhaize Charles Woeste à 4 min à pied et Okay Jette à 2 min en voiture), écoles (Ecole Fondamentale Communale ""Clarté"" et l'Ecole Secondaire Plurielle Maritime à 7 min à pied), et desservi par de nombreux transports en commun, tel que le tram 51 et la station de métro Belgica.

Nous vous présentons cet appartement de 88m² au 4ème étage d'une copropriété, avec ascenseur.
L’appartement se compose comme suit : hall d'entrée, séjour, cuisine avec accès au balcon, 2 chambres, salle de bain, débarras et WC séparé.




Tout voir";Avenue Charles Woeste 289;Jette;1090;88;1040;1;Appartement;False;False;['https://api-image.immovlan.be/v1/property/VBD43530/images/1dc35e3e5ec24e3db24c556b60351752.jpg/webp/ExtraLarge?mode=pad&format=webp&quality=75', 'https://api-image.immovlan.be/v1/property/VBD43530/images/f4f41866c4f14c339c0948f394b1a8a5.jpg/webp/ExtraLarge?mode=pad&format=webp&quality=75', 'https://api-image.immovlan.be/v1/property/VBD43530/images/ba7a6f4ed2604be2b08eb261476376d4.jpg/webp/ExtraLarge?mode=pad&format=webp&quality=75', 'https://api-image.immovlan.be/v1/property/VBD43530/images/2159657d7a744df38072663cf7c5d31b.jpg/webp/ExtraLarge?mode=pad&format=webp&quality=75', 'https://api-image.immovlan.be/v1/property/VBD43530/images/e2a40002f19b425c90d318d261e60cd9.jpg/webp/ExtraLarge?mode=pad&format=webp&quality=75', 'https://api-image.immovlan.be/v1/property/VBD43530/images/5db93b26998f4a60b29a5aba9680bc1d.jpg/webp/ExtraLarge?mode=pad&format=webp&quality=75', 'https://api-image.immovlan.be/v1/property/VBD43530/images/242600dbab4b4fc5bea89c2c65eb1b46.jpg/webp/ExtraLarge?mode=pad&format=webp&quality=75', 'https://api-image.immovlan.be/v1/property/VBD43530/images/551b43484db24ecb95eda68513bf95fe.jpg/webp/ExtraLarge?mode=pad&format=webp&quality=75', 'https://api-image.immovlan.be/v1/property/VBD43530/images/65ca9d3492e74409921d8038a67e6bc2.jpg/webp/ExtraLarge?mode=pad&format=webp&quality=75'];https://immovlan.be/fr/detail/appartement/a-louer/1090/jette/vbd43530;location
Appartement;En plein cœur de Bruxelles, dans le quartier Brunfaut, Home Invest Belgium a réussi le pari de reconvertir un ancien site semi-industriel en logement résidentiel tout confort. Appartement 2 chambres de 94m² + terrasse au 1e étage comprennant : hall d'entrée avec wc séparé, living avec cuisine ouverte et terrasse, 2 chambres, salle de bains. Emplacements vélos. Possibilité parking, possibilité de louer une cave (30€) . PEB A 39. Charges 205 € (communs, chauffage, eau chaude, assurance, frais de gestion). Libre à partir du 30/11/2025. Pour plus d'informations ou pour planifier une visite, veuillez remplir le formulaire sur ce site web. 205 € (communs, chauffage, eau chaude, assurance, frais de gestion).;Rue Fernand Brunfaut 21 13;Molenbeek-Saint-Jean;1080;94;1250;1;Appartement;False;False;['https://api-image.immovlan.be/v1/property/VBD43529/images/770f4ec9396b47b180c6f69e715a1632.jpg/webp/ExtraLarge?mode=pad&format=webp&quality=75', 'https://api-image.immovlan.be/v1/property/VBD43529/images/7c10766db36848b0abf5df16968ac98f.jpg/webp/ExtraLarge?mode=pad&format=webp&quality=75', 'https://api-image.immovlan.be/v1/property/VBD43529/images/563a69ac54414b1e93b0a76d0e543d58.jpg/webp/ExtraLarge?mode=pad&format=webp&quality=75', 'https://api-image.immovlan.be/v1/property/VBD43529/images/37d6e48292104ee8b451fa0f7d6f69fc.jpg/webp/ExtraLarge?mode=pad&format=webp&quality=75', 'https://api-image.immovlan.be/v1/property/VBD43529/images/25b33e65a13444bebff5bc2ac5fc97b4.jpg/webp/ExtraLarge?mode=pad&format=webp&quality=75', 'https://api-image.immovlan.be/v1/property/VBD43529/images/32fce531d3894686ad1325635bf9c57a.jpg/webp/ExtraLarge?mode=pad&format=webp&quality=75', 'https://api-image.immovlan.be/v1/property/VBD43529/images/fb742bd038c741e5a587a519266103b1.jpg/webp/ExtraLarge?mode=pad&format=webp&quality=75', 'https://api-image.immovlan.be/v1/property/VBD43529/images/0a4303ede0814fc99d5dec495ff0c45b.jpg/webp/ExtraLarge?mode=pad&format=webp&quality=75', 'https://api-image.immovlan.be/v1/property/VBD43529/images/82ed54b452d34d3c97759a9ad98adb30.jpg/webp/ExtraLarge?mode=pad&format=webp&quality=75', 'https://api-image.immovlan.be/v1/property/VBD43529/images/c1217fc559914cdeb55d55fc5f88b521.jpg/webp/ExtraLarge?mode=pad&format=webp&quality=75', 'https://api-image.immovlan.be/v1/property/VBD43529/images/80a35b1724a1490e827ca682d34658ff.jpg/webp/ExtraLarge?mode=pad&format=webp&quality=75', 'https://api-image.immovlan.be/v1/property/VBD43529/images/6aac837fda68491dab7eed3d1aef4661.jpg/webp/ExtraLarge?mode=pad&format=webp&quality=75', 'https://api-image.immovlan.be/v1/property/VBD43529/images/3659ea2289e84e569561b5f458809750.jpg/webp/ExtraLarge?mode=pad&format=webp&quality=75', 'https://api-image.immovlan.be/v1/property/VBD43529/images/6c0a49bd43da4f1c9ca34aff93d06e20.jpg/webp/ExtraLarge?mode=pad&format=webp&quality=75'];https://immovlan.be/fr/detail/appartement/a-louer/1080/molenbeek-saint-jean/vbd43529;location
Appartement;WOLUWE-SAINT-LAMBERT, idéalement situé à proximité immédiate du métro et du Woluwe Shopping, lumineux APPARTEMENT (3ch/1sdb) de 145 m² avec terrasse. Situé au 5ᵉ étage, il se compose d’un agréable séjour en parquet de ±45 m² donnant accès à une terrasse, d’une cuisine super-équipée, d’un hall de nuit avec placards, de trois chambres (14, 12 et 12 m²), d’une salle de bain (1 lavabo, baignoire/douche) et d’un WC séparé. Porte blindée. Grande cave. Placards intégrés. Provision de charges : 220 €/mois (communs, eau chaude et chauffage). PEB : D (nouveau PEB en cours). À découvrir chez L&P !;Avenue Paul Hymans 127 17;Woluwe-Saint-Lambert;1200;135;1700;1;Appartement;False;False;['https://api-image.immovlan.be/v1/property/VBD43482/images/0063d28caa6040828db3fe885c69afcf.jpg/webp/ExtraLarge?mode=pad&format=webp&quality=75', 'https://api-image.immovlan.be/v1/property/VBD43482/images/47709d87040247708da8d3cc4d0d4b3c.jpg/webp/ExtraLarge?mode=pad&format=webp&quality=75', 'https://api-image.immovlan.be/v1/property/VBD43482/images/4cc5100d78344010b3e407364006bda5.jpg/webp/ExtraLarge?mode=pad&format=webp&quality=75', 'https://api-image.immovlan.be/v1/property/VBD43482/images/7c918bca56e1463aa09d73cf6ffa94b5.jpg/webp/ExtraLarge?mode=pad&format=webp&quality=75', 'https://api-image.immovlan.be/v1/property/VBD43482/images/289e0234952c42b6acbe2b124aef9f9f.jpg/webp/ExtraLarge?mode=pad&format=webp&quality=75', 'https://api-image.immovlan.be/v1/property/VBD43482/images/23a07eb4f6ee477eafaba520387641a9.jpg/webp/ExtraLarge?mode=pad&format=webp&quality=75', 'https://api-image.immovlan.be/v1/property/VBD43482/images/411f7e9c8c474bb58e70e053ef36eb26.jpg/webp/ExtraLarge?mode=pad&format=webp&quality=75', 'https://api-image.immovlan.be/v1/property/VBD43482/images/5bf38f83ac234bcc97d0947ddfad3e59.jpg/webp/ExtraLarge?mode=pad&format=webp&quality=75', 'https://api-image.immovlan.be/v1/property/VBD43482/images/e99ae008b9904ea9acbc0b324f9ac26b.jpg/webp/ExtraLarge?mode=pad&format=webp&quality=75', 'https://api-image.immovlan.be/v1/property/VBD43482/images/9820a725b15d450e928ebcd73e82250c.jpg/webp/ExtraLarge?mode=pad&format=webp&quality=75', 'https://api-image.immovlan.be/v1/property/VBD43482/images/0f0e6c6c44d545418e2564bb54c6438c.jpg/webp/ExtraLarge?mode=pad&format=webp&quality=75', 'https://api-image.immovlan.be/v1/property/VBD43482/images/3ccb7436fa5042819f3c1b619e1bd963.jpg/webp/ExtraLarge?mode=pad&format=webp&quality=75', 'https://api-image.immovlan.be/v1/property/VBD43482/images/4267b939b9144b0cb92fbfad57b82b32.jpg/webp/ExtraLarge?mode=pad&format=webp&quality=75', 'https://api-image.immovlan.be/v1/property/VBD43482/images/0bb0de1b183444dea3dfe511ed968781.jpg/webp/ExtraLarge?mode=pad&format=webp&quality=75'];https://immovlan.be/fr/detail/appartement/a-louer/1200/woluwe-saint-lambert/vbd43482;location
Appartement;"Visite virtuelle disponible en cliquant sur le logo 360° en bas à gauche de la photo ou en bas à droite de la description.

Idéalement situé à proximité de nombreux parcs et écoles, découvrez ce ravissant appartement d’une chambre, niché au 3ᵉ étage d’une petite copropriété.

Il se compose comme suit : un lumineux living avec cuisine équipée ouverte, une chambre, ainsi qu’une salle de bains attenante, un hall d’entrée et des toilettes séparées. Profitez d’une vue dégagée. De plus, l’appartement bénéficie d’une orientation avantageuse avec un living plein sud. Disponible à partir du 01/10/2025.

Les provisions pour charges mensuelles s’élèvent à 150 €/mois, comprenant l’entretien des parties communes ainsi que le chauffage privatif.

D’un point de vue technique : châssis double vitrage, chaudière commune au gaz, cuisinière au gaz, store vénitien, parlophone, etc.

À visiter sans tarder !
Tout voir";Boulevard du Souverain 146;Auderghem;1160;53;1000;1;Appartement;False;False;['https://api-image.immovlan.be/v1/property/VBD43441/images/624e872432a3418ebdad96cd98a5beb7.jpg/webp/ExtraLarge?mode=pad&format=webp&quality=75', 'https://api-image.immovlan.be/v1/property/VBD43441/images/b8cf5dc4244743ac9b3d7e255bb74181.jpg/webp/ExtraLarge?mode=pad&format=webp&quality=75', 'https://api-image.immovlan.be/v1/property/VBD43441/images/0e9201395b6946fda2e2e86514edb2cf.jpg/webp/ExtraLarge?mode=pad&format=webp&quality=75', 'https://api-image.immovlan.be/v1/property/VBD43441/images/a7b1e5f5e8d4499f9123290c070f586a.jpg/webp/ExtraLarge?mode=pad&format=webp&quality=75', 'https://api-image.immovlan.be/v1/property/VBD43441/images/d1d505b4aa5e4d02951905c4c4f7b9d8.jpg/webp/ExtraLarge?mode=pad&format=webp&quality=75', 'https://api-image.immovlan.be/v1/property/VBD43441/images/cf7ace606d8340cf967a9f863249c37b.jpg/webp/ExtraLarge?mode=pad&format=webp&quality=75', 'https://api-image.immovlan.be/v1/property/VBD43441/images/2354a81fd8914f949f02c508a0f174ff.jpg/webp/ExtraLarge?mode=pad&format=webp&quality=75', 'https://api-image.immovlan.be/v1/property/VBD43441/images/7638d1af810045acaca77b7d08b88808.jpg/webp/ExtraLarge?mode=pad&format=webp&quality=75', 'https://api-image.immovlan.be/v1/property/VBD43441/images/ade4f94a3f1d4d8c9c0c3fc65071eca0.jpg/webp/ExtraLarge?mode=pad&format=webp&quality=75', 'https://api-image.immovlan.be/v1/property/VBD43441/images/c995847b78cd417d9f7182f93ab91cd3.jpg/webp/ExtraLarge?mode=pad&format=webp&quality=75', 'https://api-image.immovlan.be/v1/property/VBD43441/images/f555784da6a043a6a58dd95164f1bfef.jpg/webp/ExtraLarge?mode=pad&format=webp&quality=75', 'https://api-image.immovlan.be/v1/property/VBD43441/images/50afea75949f4149ad0cd5e33c7b9375.jpg/webp/ExtraLarge?mode=pad&format=webp&quality=75'];https://immovlan.be/fr/detail/appartement/a-louer/1160/auderghem/vbd43441;location
Appartement;Entre les Étangs d’Ixelles, l’Avenue Louise et la Place Flagey, dans un immeuble de caractère, superbe appartement situé au 1er étage (sans ascenseur). Il offre de magnifiques volumes avec des plafonds de 4 mètres de haut et des parquets d’origine. Spacieuses réceptions composées de deux salons en enfilade baignés de lumière, avec cheminée et bow-window. Cuisine ouverte, entièrement équipée. Grande chambre principale avec salle de bains en suite et vaste dressing. Vestiaire avec WC invités, placard intégré et douche séparée. La mezzanine comprend une deuxième chambre ainsi qu’un espace bureau. Au demi-sous-sol : espace de rangement avec buanderie et chaudière individuelle au gaz. Localisation exceptionnelle ! Porte sécurisée, double vitrage, interphone, faibles charges communes. Situé dans une maison de Maître comptant seulement 3 appartements. Coup de cœur garanti ! Disponible à partir du 01/01/2026.;Rue Vilain XIIII 31;Bruxelles;1000;144;2300;1;Appartement;False;False;['https://api-image.immovlan.be/v1/property/VBD43183/images/20729df57ed141c4a8a9fd973c772820.jpg/webp/ExtraLarge?mode=pad&format=webp&quality=75', 'https://api-image.immovlan.be/v1/property/VBD43183/images/61c9d45f8b554dad85539a09158b69e6.jpg/webp/ExtraLarge?mode=pad&format=webp&quality=75', 'https://api-image.immovlan.be/v1/property/VBD43183/images/2bdff01a015a41eda4680de906bc4b68.jpg/webp/ExtraLarge?mode=pad&format=webp&quality=75', 'https://api-image.immovlan.be/v1/property/VBD43183/images/e0f6ca26a17546e89028ac6bb59de0e2.jpg/webp/ExtraLarge?mode=pad&format=webp&quality=75', 'https://api-image.immovlan.be/v1/property/VBD43183/images/6bafea39f48042c4a7337547415057c8.jpg/webp/ExtraLarge?mode=pad&format=webp&quality=75', 'https://api-image.immovlan.be/v1/property/VBD43183/images/0bf34a09fe4f40a9921e22655d45a552.jpg/webp/ExtraLarge?mode=pad&format=webp&quality=75', 'https://api-image.immovlan.be/v1/property/VBD43183/images/407fac1129034fc88f993b0325ce3d3b.jpg/webp/ExtraLarge?mode=pad&format=webp&quality=75', 'https://api-image.immovlan.be/v1/property/VBD43183/images/0be89255dc1a41e5b967d763f58d31a7.jpg/webp/ExtraLarge?mode=pad&format=webp&quality=75', 'https://api-image.immovlan.be/v1/property/VBD43183/images/e46e522a4cc64c0ba86a862eaa32a577.jpg/webp/ExtraLarge?mode=pad&format=webp&quality=75', 'https://api-image.immovlan.be/v1/property/VBD43183/images/c9c649927d5c4cb1b3581ddd2f281253.jpg/webp/ExtraLarge?mode=pad&format=webp&quality=75', 'https://api-image.immovlan.be/v1/property/VBD43183/images/e529819dc617435ebe55ffd265f5cb2b.jpg/webp/ExtraLarge?mode=pad&format=webp&quality=75', 'https://api-image.immovlan.be/v1/property/VBD43183/images/fec2de0305f147cd8087bdce6624e2ec.jpg/webp/ExtraLarge?mode=pad&format=webp&quality=75', 'https://api-image.immovlan.be/v1/property/VBD43183/images/70291790cdc7452e9fe8d917bfe041a7.jpg/webp/ExtraLarge?mode=pad&format=webp&quality=75', 'https://api-image.immovlan.be/v1/property/VBD43183/images/b6ab7082388c47448036654f6fca592f.jpg/webp/ExtraLarge?mode=pad&format=webp&quality=75', 'https://api-image.immovlan.be/v1/property/VBD43183/images/2da3f90a85124342a79d78552237a1e0.jpg/webp/ExtraLarge?mode=pad&format=webp&quality=75', 'https://api-image.immovlan.be/v1/property/VBD43183/images/9cb997a0142846fcbabd550c8bf17204.jpg/webp/ExtraLarge?mode=pad&format=webp&quality=75', 'https://api-image.immovlan.be/v1/property/VBD43183/images/1344eed8b1af4f539794ec79cb4f5f56.jpg/webp/ExtraLarge?mode=pad&format=webp&quality=75', 'https://api-image.immovlan.be/v1/property/VBD43183/images/825c63f00dc441528722b89e0e043fc9.jpg/webp/ExtraLarge?mode=pad&format=webp&quality=75', 'https://api-image.immovlan.be/v1/property/VBD43183/images/f410c5dcd4e44772abad85a6cddcb224.jpg/webp/ExtraLarge?mode=pad&format=webp&quality=75', 'https://api-image.immovlan.be/v1/property/VBD43183/images/b9f00bd2e137472d830f4f30614fc5e0.jpg/webp/ExtraLarge?mode=pad&format=webp&quality=75', 'https://api-image.immovlan.be/v1/property/VBD43183/images/dec69c1b2e4140bcb1f9a5d272162809.jpg/webp/ExtraLarge?mode=pad&format=webp&quality=75', 'https://api-image.immovlan.be/v1/property/VBD43183/images/1e912337e9ac44a1a568f96133da46fb.jpg/webp/ExtraLarge?mode=pad&format=webp&quality=75'];https://immovlan.be/fr/detail/appartement/a-louer/1000/bruxelles/vbd43183;location
Appartement;FOREST, quartier Altitude 100, dans un immeuble de standing, bel appartement de +/- 120m², comprenant: hall d'entrée, vestiaire, living (en parquet) donnant accès à une terrasse avec vue sur les jardins de l'immeuble, cuisine full équipée, 2 chambres, terrasse arrière, sdd, wc séparé, double vitrage partout, porte blindée, cave. Libre immédiatement. Pour conditions et visites: Tel / Contact / www.tribel-immo.be PEB: E, 83kg de CO2/(m².an).;Avenue Minerve 15;Forest;1190;120;1250;1;Appartement;False;False;['https://api-image.immovlan.be/v1/property/VBD43332/images/9d345756ed344c67970f3901fc8da4b3.jpg/webp/ExtraLarge?mode=pad&format=webp&quality=75', 'https://api-image.immovlan.be/v1/property/VBD43332/images/58bc39119dd043faae9a796af4cef723.jpg/webp/ExtraLarge?mode=pad&format=webp&quality=75', 'https://api-image.immovlan.be/v1/property/VBD43332/images/cce026a10416462f8fe1c5d2968d439e.jpg/webp/ExtraLarge?mode=pad&format=webp&quality=75', 'https://api-image.immovlan.be/v1/property/VBD43332/images/42b4363c8aaf47dab253ac3889ff1f18.jpg/webp/ExtraLarge?mode=pad&format=webp&quality=75', 'https://api-image.immovlan.be/v1/property/VBD43332/images/6cdc3d90ee1d4b06a87b115607dfc0ef.jpg/webp/ExtraLarge?mode=pad&format=webp&quality=75', 'https://api-image.immovlan.be/v1/property/VBD43332/images/eb45b237c75f4e56a1621cebb920bfb4.jpg/webp/ExtraLarge?mode=pad&format=webp&quality=75', 'https://api-image.immovlan.be/v1/property/VBD43332/images/d9f80e14ade8416fb5184cd20db64128.jpg/webp/ExtraLarge?mode=pad&format=webp&quality=75', 'https://api-image.immovlan.be/v1/property/VBD43332/images/b2f6677cdf3e4dfeba936b6c7186fbd2.jpg/webp/ExtraLarge?mode=pad&format=webp&quality=75', 'https://api-image.immovlan.be/v1/property/VBD43332/images/e319d23a99bd4bd1851db9170d172455.jpg/webp/ExtraLarge?mode=pad&format=webp&quality=75', 'https://api-image.immovlan.be/v1/property/VBD43332/images/4cac0fd325dd421b9230cffb7200e0be.jpg/webp/ExtraLarge?mode=pad&format=webp&quality=75', 'https://api-image.immovlan.be/v1/property/VBD43332/images/bebfb701c3f3410586d64988c0c0dcb3.jpg/webp/ExtraLarge?mode=pad&format=webp&quality=75', 'https://api-image.immovlan.be/v1/property/VBD43332/images/bc7c718675aa486a951ee829461f25a7.jpg/webp/ExtraLarge?mode=pad&format=webp&quality=75', 'https://api-image.immovlan.be/v1/property/VBD43332/images/638dadec55564ed7a7e269a4f94f4df3.jpg/webp/ExtraLarge?mode=pad&format=webp&quality=75', 'https://api-image.immovlan.be/v1/property/VBD43332/images/3f1406611754456381f313198d501469.jpg/webp/ExtraLarge?mode=pad&format=webp&quality=75', 'https://api-image.immovlan.be/v1/property/VBD43332/images/b6f5356b29c94fe2abd0667dc3d5ef6a.jpg/webp/ExtraLarge?mode=pad&format=webp&quality=75'];https://immovlan.be/fr/detail/appartement/a-louer/1190/forest/vbd43332;location
Appartement;Quartier Européen. Superbe appartement 1 chambre NON MEUBLE de ±45m² au 8ème étage d'un immeuble de 2014. Hall d'entrée avec porte blindée, wc séparé, living de ±20m² avec accès à la terrasse, cuisine équipée (évier, taques vitro, hotte, frigo et four), 1 chambre de ±12m², salle de douche. Cave et parking inclus. Divers : buanderie commune, local vélos, local poussettes, double vitrage, double flux, porte blindée, thermostat. PEB: C+. FORFAIT 120€/mois : Charges communes + PROVISION 100€/mois : Eau chaude, chauffage. Pour chaque déménagement, une indemnité de déménagement forfaitaire de 50 € sera imputée. Coût d'état des lieux d'entrée : 181,50 €. Mesures données à titre indicatif.;Chaussée d'Etterbeek 64 82;Etterbeek;1040;45;1150;1;Appartement;False;False;['https://api-image.immovlan.be/v1/property/VBD43327/images/6e7168a636274df7a6d3cabfb55aadcd.jpg/webp/ExtraLarge?mode=pad&format=webp&quality=75', 'https://api-image.immovlan.be/v1/property/VBD43327/images/c6400c4811b54b02a007353c3cfc3117.jpg/webp/ExtraLarge?mode=pad&format=webp&quality=75', 'https://api-image.immovlan.be/v1/property/VBD43327/images/d2fcb1e43f9745e6865557da9fecda6f.jpg/webp/ExtraLarge?mode=pad&format=webp&quality=75', 'https://api-image.immovlan.be/v1/property/VBD43327/images/0d8692e1027548d1af1e5aa6ac7dff80.jpg/webp/ExtraLarge?mode=pad&format=webp&quality=75', 'https://api-image.immovlan.be/v1/property/VBD43327/images/9b43a6aebd3446d983aadd003f078a16.jpg/webp/ExtraLarge?mode=pad&format=webp&quality=75', 'https://api-image.immovlan.be/v1/property/VBD43327/images/f7146327ba7b4af1967cda8681147a91.jpg/webp/ExtraLarge?mode=pad&format=webp&quality=75', 'https://api-image.immovlan.be/v1/property/VBD43327/images/0153dd49660547fb90d83b39ccbbc6ae.jpg/webp/ExtraLarge?mode=pad&format=webp&quality=75', 'https://api-image.immovlan.be/v1/property/VBD43327/images/1a9de7b35ed4435ea2d4f2172f60d6f9.jpg/webp/ExtraLarge?mode=pad&format=webp&quality=75', 'https://api-image.immovlan.be/v1/property/VBD43327/images/636b0c0d2bae42f597068cfcb0d7144e.jpg/webp/ExtraLarge?mode=pad&format=webp&quality=75', 'https://api-image.immovlan.be/v1/property/VBD43327/images/ca2f26ad0ea049c4b1c608754043a90e.jpg/webp/ExtraLarge?mode=pad&format=webp&quality=75', 'https://api-image.immovlan.be/v1/property/VBD43327/images/bb6a3c92c1084ed9986acafbd39709fa.jpg/webp/ExtraLarge?mode=pad&format=webp&quality=75', 'https://api-image.immovlan.be/v1/property/VBD43327/images/0df18cbba4584f079504b848ffd79820.jpg/webp/ExtraLarge?mode=pad&format=webp&quality=75'];https://immovlan.be/fr/detail/appartement/a-louer/1040/etterbeek/vbd43327;location
Appartement;Lumineux appartement de 66m² situé au 4ème étage de l'immeuble, construit en 2008, offre à ses résidents toutes les commodités de confort et d'habitabilité. Il se compose de : séjour, cuisine hyper équipée, 1 chambre, salle de bains et petite buanderie. Parquet massif dans le séjour et les chambres. Chaudière individuelle avec thermostat d'ambiance. Châssis à double vitrage. Possibilité loué une place de parking (120€) et une cave (30€). Local vélo. Accès au centre sportif Kinetix à des conditions préférentielles. PEB C. Pour plus d'informations ou pour planifier une visite, veuillez remplir le formulaire sur ce site web. Charges 130 € (communs, assurance, entretien chaudière, frais gestion).;Boulevard Lambermont 214 10;Schaerbeek;1030;66;1050;1;Appartement;False;False;['https://api-image.immovlan.be/v1/property/VBD43315/images/2c6f81628a8e4c88986d096b71c8824a.jpg/webp/ExtraLarge?mode=pad&format=webp&quality=75', 'https://api-image.immovlan.be/v1/property/VBD43315/images/2f05a03f8e094d75a4270830bb9de179.jpg/webp/ExtraLarge?mode=pad&format=webp&quality=75', 'https://api-image.immovlan.be/v1/property/VBD43315/images/69e4f19e35a647b9bb7625e743bda631.jpg/webp/ExtraLarge?mode=pad&format=webp&quality=75', 'https://api-image.immovlan.be/v1/property/VBD43315/images/9a8f93dd92524d97be81acbb9e891ff2.jpg/webp/ExtraLarge?mode=pad&format=webp&quality=75', 'https://api-image.immovlan.be/v1/property/VBD43315/images/ec30f48acff64133b8f650c31ecc2df4.jpg/webp/ExtraLarge?mode=pad&format=webp&quality=75', 'https://api-image.immovlan.be/v1/property/VBD43315/images/b62c75dade6e4e68889960053826a2db.jpg/webp/ExtraLarge?mode=pad&format=webp&quality=75', 'https://api-image.immovlan.be/v1/property/VBD43315/images/a8eb0bfb14cf43bb958ab1cc7ce24432.jpg/webp/ExtraLarge?mode=pad&format=webp&quality=75', 'https://api-image.immovlan.be/v1/property/VBD43315/images/d6ba98a0515d4dd9b4cc42e3dfebac45.jpg/webp/ExtraLarge?mode=pad&format=webp&quality=75', 'https://api-image.immovlan.be/v1/property/VBD43315/images/5fc015c3515944ec88563cbd4226bf7d.jpg/webp/ExtraLarge?mode=pad&format=webp&quality=75', 'https://api-image.immovlan.be/v1/property/VBD43315/images/485d72d05bc04e99b27159ff596ed48e.jpg/webp/ExtraLarge?mode=pad&format=webp&quality=75'];https://immovlan.be/fr/detail/appartement/a-louer/1030/schaerbeek/vbd43315;location
Appartement;L’appartement situé au 5ème étage de l'immeuble, construit en 2008, offre à ses résidents toutes les commodités de confort et d'habitabilité. Il se compose de : hall d'entrée desservant le séjour, cuisine hyper équipée, 1 chambre, salle de bains, petite buanderie et cave en sous-sol. Parquet massif dans le séjour et les chambres. Chaudière individuelle avec thermostat d'ambiance. Châssis à double vitrage. PEB D+ 31. Possibilité de louer un emplacement de parking en sous-sol (120€) et une cave (30€). Accès au centre sportif Kinetix à des conditions préférentielles. Pour plus d'informations ou pour planifier une visite, veuillez remplir le formulaire sur ce site web. 120€ (charges communes, assurance, frais de gestion, entretien du chauffage);Boulevard Lambermont 216 8;Schaerbeek;1030;61;1000;1;Appartement;False;False;['https://api-image.immovlan.be/v1/property/VBD43314/images/bef955a53dca4a45b23453ee4fa5e1b5.jpg/webp/ExtraLarge?mode=pad&format=webp&quality=75', 'https://api-image.immovlan.be/v1/property/VBD43314/images/925a72fdc2ef4d57a3ee3604ed96fd08.jpg/webp/ExtraLarge?mode=pad&format=webp&quality=75', 'https://api-image.immovlan.be/v1/property/VBD43314/images/2dbd9e2482634f90b2e03bd2b5be77a4.jpg/webp/ExtraLarge?mode=pad&format=webp&quality=75', 'https://api-image.immovlan.be/v1/property/VBD43314/images/7c3bb6d7f8ee4523b22b6dbeb8e6015d.jpg/webp/ExtraLarge?mode=pad&format=webp&quality=75', 'https://api-image.immovlan.be/v1/property/VBD43314/images/31068e52760c4c0eb9474ddc239ee0b1.jpg/webp/ExtraLarge?mode=pad&format=webp&quality=75', 'https://api-image.immovlan.be/v1/property/VBD43314/images/30baf86dad7945bf9b5b1760b164c4d9.jpg/webp/ExtraLarge?mode=pad&format=webp&quality=75', 'https://api-image.immovlan.be/v1/property/VBD43314/images/622706fbeb9e4e76a64fb99bf7dcc6bd.jpg/webp/ExtraLarge?mode=pad&format=webp&quality=75', 'https://api-image.immovlan.be/v1/property/VBD43314/images/b976a73e3440482e852a0366c959e60f.jpg/webp/ExtraLarge?mode=pad&format=webp&quality=75', 'https://api-image.immovlan.be/v1/property/VBD43314/images/7fbc805572054636b53a4c35f763f9dc.jpg/webp/ExtraLarge?mode=pad&format=webp&quality=75', 'https://api-image.immovlan.be/v1/property/VBD43314/images/76a625f6c12f49f09c63a0ae46f11cae.jpg/webp/ExtraLarge?mode=pad&format=webp&quality=75', 'https://api-image.immovlan.be/v1/property/VBD43314/images/83db5f43c5cf48899640c47d241dc555.jpg/webp/ExtraLarge?mode=pad&format=webp&quality=75', 'https://api-image.immovlan.be/v1/property/VBD43314/images/444112785d7541ed8fbac651ab6a1068.jpg/webp/ExtraLarge?mode=pad&format=webp&quality=75'];https://immovlan.be/fr/detail/appartement/a-louer/1030/schaerbeek/vbd43314;location
Appartement;"🌟 Colocation – Chambre Meublée avec Douche Privée au Cœur de Bruxelles 🌟 Bonjour à toutes et à tous, I’m renting a cozy room in my fully furnished apartment. You’ll have a single bed, private sink, and private shower. We’ll share the common spaces respectfully. Located in the Bourse district, near Grand Place and tourist spots. Metro (Bourse) and buses (3, 4, 5,1, 10) are 1–2 minutes away. Shops, cafés, and restaurants nearby. I’m calm, clean, and enjoy sharing good moments. Feel free to contact me! See you soon! 🔔 Important : La domiciliation n’est pas possible. 🔹 L’appartement comprend deux chambres, dont une à louer avec un lit double, un lavabo et une douche privée pour un confort optimal. 🔹 Nous serons seulement deux colocataires pour un cadre de vie agréable et respectueux. 📍 Localisation parfaite : À 2 minutes à pied du métro Bourse 🚇 Bus (lignes 3, 4, 5) accessibles en moins de 5 minutes 🚍 Proximité immédiate des commerces, cafés, et toutes commodités 🛍️ 📅 Disponibilité : Entrée flexible (à convenir ensemble) Durée souhaitée : 4 mois minimum 💸 Conditions : Loyer : 550 € Charges : 139 € (eau, électricité, chauffage, internet inclus) Total : 689 € par mois, tout compris ! 🎯 Parfait pour : Étudiants 🎓 Jeunes actifs 👩‍💻👨‍💼 Personnes en séjour temporaire qui ne souhaitent pas se domicilier Ambiance conviviale, respect de l'intimité et du bien-être de chacun garantis. Si tu recherches un lieu cosy, calme, au cœur de l'animation bruxelloise sans les inconvénients, c'est l'endroit parfait ! 📩 N’hésite pas à me contacter en message privé pour plus d'infos! À bientôt peut-être ! 😊
Tout voir";Grand Place;Bruxelles;1000;0;630;1;Appartement;False;False;['https://api-image.immovlan.be/v1/property/VBD43169/images/83bbd3c8740142958e5f87e754fd5c0e.jpg/webp/ExtraLarge?mode=pad&format=webp&quality=75', 'https://api-image.immovlan.be/v1/property/VBD43169/images/75e1549243ac49fe8bf5f9b40fbdce3c.jpg/webp/ExtraLarge?mode=pad&format=webp&quality=75', 'https://api-image.immovlan.be/v1/property/VBD43169/images/8b3b9b4e2615448eab76826b10926623.jpg/webp/ExtraLarge?mode=pad&format=webp&quality=75', 'https://api-image.immovlan.be/v1/property/VBD43169/images/21123b8bf6c14722bf8e7506d6b5a27a.jpg/webp/ExtraLarge?mode=pad&format=webp&quality=75', 'https://api-image.immovlan.be/v1/property/VBD43169/images/b2fa83adb7574a6ebbda4e660f3afc23.jpg/webp/ExtraLarge?mode=pad&format=webp&quality=75', 'https://api-image.immovlan.be/v1/property/VBD43169/images/44fe9861b8564aa5940fdabc15378176.jpg/webp/ExtraLarge?mode=pad&format=webp&quality=75', 'https://api-image.immovlan.be/v1/property/VBD43169/images/3eee7c4df9684b1c8af0aa1a6a64bccd.jpg/webp/ExtraLarge?mode=pad&format=webp&quality=75', 'https://api-image.immovlan.be/v1/property/VBD43169/images/3a0a14e551e749769d886e0bbeb2ef98.jpg/webp/ExtraLarge?mode=pad&format=webp&quality=75', 'https://api-image.immovlan.be/v1/property/VBD43169/images/da16b713999742f7915ed151fee3b1f1.jpg/webp/ExtraLarge?mode=pad&format=webp&quality=75', 'https://api-image.immovlan.be/v1/property/VBD43169/images/67e9174cb39b4c31aa68b0c9d3a21c4d.jpg/webp/ExtraLarge?mode=pad&format=webp&quality=75'];https://immovlan.be/fr/detail/appartement/en-colocation/1000/bruxelles/vbd43169;vente
Appartement;"Immo Alphabitat loue ce appartement 2 chambres à Woluwe-Saint-Pierre. Appartement situé au 2ème étage d'un immeuble de 4 étages avec ascenseur. Idéalement situé à proximité du complexe sportif ""Sportcity"" et à proximité du parvis Sainte-Alix et de la place Dumon et leurs nombreux commerces, des transports en commun (Tram 39, bus 36, et métro ligne 1).

Il se compose comme suit: Un hall d'entrée, une spacieuse salle de séjour, une cuisine équipée (taque de cuisson au gaz, four, hotte, lave-vaisselle, réfrigérateur avec congélateur, et espaces de rangements), une salle de bains, une toilette avec lave-mains, et 2 chambres à coucher.
Cave au sous-sol.
Emplacement de parking au sous-sol 70 EUR/mois supplémentaires.

Charges = 200 EUR/mois (charges communes, eau froide, eau chaude, et chauffage).
PEB = D.
Lien vers la vidéo visite :
Disponible le 01/11/2025.

Plus d'information sur
Tout voir";Avenue Jules du Jardin 45 14;Woluwe-Saint-Pierre;1150;82;1100;1;Appartement;False;False;['https://api-image.immovlan.be/v1/property/VBD43190/images/6e7e567b0dc3489dab43d322c09fcb9f.jpg/webp/ExtraLarge?mode=pad&format=webp&quality=75', 'https://api-image.immovlan.be/v1/property/VBD43190/images/025b983c32d24072961779ed5e19e0b7.jpg/webp/ExtraLarge?mode=pad&format=webp&quality=75', 'https://api-image.immovlan.be/v1/property/VBD43190/images/dadc825b9af14ff5b2a26aea8e8c16b4.jpg/webp/ExtraLarge?mode=pad&format=webp&quality=75', 'https://api-image.immovlan.be/v1/property/VBD43190/images/3f90aebbff304c77bf3ff9ff11150d88.jpg/webp/ExtraLarge?mode=pad&format=webp&quality=75', 'https://api-image.immovlan.be/v1/property/VBD43190/images/37aa60e7bdf049439e9fffe36f5d444b.jpg/webp/ExtraLarge?mode=pad&format=webp&quality=75', 'https://api-image.immovlan.be/v1/property/VBD43190/images/93ad96ed7cfa42b4af7585099864a6c0.jpg/webp/ExtraLarge?mode=pad&format=webp&quality=75', 'https://api-image.immovlan.be/v1/property/VBD43190/images/d5d0f5fe7f66462aa615ee07a6733f88.jpg/webp/ExtraLarge?mode=pad&format=webp&quality=75', 'https://api-image.immovlan.be/v1/property/VBD43190/images/6f91686dc96c42338998eea478df599e.jpg/webp/ExtraLarge?mode=pad&format=webp&quality=75', 'https://api-image.immovlan.be/v1/property/VBD43190/images/b922ec18abd14fce8cbeea7a4ef516ae.jpg/webp/ExtraLarge?mode=pad&format=webp&quality=75'];https://immovlan.be/fr/detail/appartement/a-louer/1150/woluwe-saint-pierre/vbd43190;location
Appartement;Bruxelles-Canal- Idéalement situé proche des commerces (Tour & Taxi), des transports en commun (métro Yser, Gare du nord), appartement 2ch à louer dans le complexe upsite +/- 95m². Il se compose comme suit un hall d'entrée, une séjour avec cuisine équipée, une terrasse avec vue sur le Canal, un hall de nuit, 2 chambres, une toilette séparée, une salle de bain avec baignoire & douche. Les charges commune sont 215€ (eau chaude, commun+ chauffage) de l'électricité et l'eau sont individuels. Bail de 3 ans minimum. Information & visite : Contact ou par whats'app au Tel;Quai des Péniches 65;Bruxelles;1000;95;1395;1;Appartement;False;False;['https://api-image.immovlan.be/v1/property/VBD43129/images/d2e10faa0d704a1d9a8f3338ec414ca8.jpg/webp/ExtraLarge?mode=pad&format=webp&quality=75', 'https://api-image.immovlan.be/v1/property/VBD43129/images/bd3f48bd56704e2dab0457ffc450da3c.jpg/webp/ExtraLarge?mode=pad&format=webp&quality=75', 'https://api-image.immovlan.be/v1/property/VBD43129/images/d086b6cfea6d48f781f9b4334ca39772.jpg/webp/ExtraLarge?mode=pad&format=webp&quality=75', 'https://api-image.immovlan.be/v1/property/VBD43129/images/9a0faa063a5c446a8618024560434f5d.jpg/webp/ExtraLarge?mode=pad&format=webp&quality=75', 'https://api-image.immovlan.be/v1/property/VBD43129/images/c4bf161aea934372b286dc5658efd245.jpg/webp/ExtraLarge?mode=pad&format=webp&quality=75', 'https://api-image.immovlan.be/v1/property/VBD43129/images/ca90bb5598fd4684b6e3dfb8f40fba7e.jpg/webp/ExtraLarge?mode=pad&format=webp&quality=75', 'https://api-image.immovlan.be/v1/property/VBD43129/images/41638f414f8341cebc6dec6f5e7fe201.jpg/webp/ExtraLarge?mode=pad&format=webp&quality=75', 'https://api-image.immovlan.be/v1/property/VBD43129/images/e9f230e6d630473dbb7e5a5c50ef2d09.jpg/webp/ExtraLarge?mode=pad&format=webp&quality=75', 'https://api-image.immovlan.be/v1/property/VBD43129/images/c247e20b4f574789805d9c78011d5a3b.jpg/webp/ExtraLarge?mode=pad&format=webp&quality=75', 'https://api-image.immovlan.be/v1/property/VBD43129/images/1b53d814f4a24cc4b01888e2769d0f1d.jpg/webp/ExtraLarge?mode=pad&format=webp&quality=75', 'https://api-image.immovlan.be/v1/property/VBD43129/images/6bdd8ec4617e4e7094b3ee334a0a9dfe.jpg/webp/ExtraLarge?mode=pad&format=webp&quality=75', 'https://api-image.immovlan.be/v1/property/VBD43129/images/c1a8247c62fe4ea0bd56560948415d4a.jpg/webp/ExtraLarge?mode=pad&format=webp&quality=75', 'https://api-image.immovlan.be/v1/property/VBD43129/images/5f6abdb00ccf4e9db7c89fb752614e64.png/webp/ExtraLarge?mode=pad&format=webp&quality=75'];https://immovlan.be/fr/detail/appartement/a-louer/1000/bruxelles/vbd43129;location
Appartement;"Superbe colocation à Bruxelles dans la commune de Jette. 5 unités en location, 1 studio au rez, 2 chambres au 2eme étage et 2 chambres au 3eme étage. Grande maison de 300m2 pour 5 personnes. L'ambiance est très bonne, les colocs sont très respectueux et très propres. La maison possède 3 salles de bain et 3 toilettes, très confortable pour 5 personnes. Il y a actuellement une chambre disponible, elle se situe au 2ème étage. La chambre est spacieuse (15m2) et possède sa propre terrasse de 25m2, full équipée. Le lit fait 140x200 et est mis à disposition avec un matelas. La salle de bain et la toilette sont à partager avec 1 autre personne vivantes sur le même étage. Les communs : Salon – salle à manger (tables, chaises, canapés, fauteuils, tv) - cuisine hyper équipée - terrasse commune(11m2) – wifi - caves (sous-sol) -3 salles de bains + 3 toilettes . A propos de la commune de Jette, commune très agréable du nord-west de Bruxelles. Commune verte avec beaucoup d'espaces verts avec le bois du Laerbeek, bois du Poelbos, parc roi Baudoin,... La colocation est idéalement située pour les commerces (moins de 10 minutes à pied) et pour les transports en commun (trams, bus, metro (lignes 6,2), train). Le centre ville est joignable en moins de 20 en métro.
Tout voir";Boulevard de Smet de Naeyer;Jette;1090;0;650;1;Appartement;False;False;['https://api-image.immovlan.be/v1/property/VBD43170/images/46605242d70b465c848582445134efc9.jpg/webp/ExtraLarge?mode=pad&format=webp&quality=75', 'https://api-image.immovlan.be/v1/property/VBD43170/images/812ca1fafe4548a59e2e6f927d664f32.jpg/webp/ExtraLarge?mode=pad&format=webp&quality=75', 'https://api-image.immovlan.be/v1/property/VBD43170/images/4854e122e29143a2aa871465bb463d6d.jpg/webp/ExtraLarge?mode=pad&format=webp&quality=75', 'https://api-image.immovlan.be/v1/property/VBD43170/images/c8011f4ebece4ab5b32ea7502f906b62.jpg/webp/ExtraLarge?mode=pad&format=webp&quality=75', 'https://api-image.immovlan.be/v1/property/VBD43170/images/a67be5ff332c4da6b658059ebc1f5ffd.jpg/webp/ExtraLarge?mode=pad&format=webp&quality=75', 'https://api-image.immovlan.be/v1/property/VBD43170/images/875aa643afc94695a9eb253c34e5c6ed.jpg/webp/ExtraLarge?mode=pad&format=webp&quality=75', 'https://api-image.immovlan.be/v1/property/VBD43170/images/f158fcdbbc2a4e0098c939a4a77e9b56.jpg/webp/ExtraLarge?mode=pad&format=webp&quality=75', 'https://api-image.immovlan.be/v1/property/VBD43170/images/80d0715e8a8e41beb53f7cddb2cd89d4.jpg/webp/ExtraLarge?mode=pad&format=webp&quality=75', 'https://api-image.immovlan.be/v1/property/VBD43170/images/ce03a55186e74c67b359652d92bfb359.jpg/webp/ExtraLarge?mode=pad&format=webp&quality=75', 'https://api-image.immovlan.be/v1/property/VBD43170/images/e73f888a4f7041a5848c0810d3c42629.jpg/webp/ExtraLarge?mode=pad&format=webp&quality=75'];https://immovlan.be/fr/detail/appartement/en-colocation/1090/jette/vbd43170;vente
Appartement;Victoire Junot vous propose en exclusivité ce superbe appartement meublé de 1 chambre de ±65 m², situé au cœur du Sablon, l’un des quartiers les plus recherchés de Bruxelles. Entièrement rénové et en première occupation, offre un cadre de vie unique. Il se compose d’un vaste séjour baigné de lumière avec cuisine ouverte super-équipée, d’une chambre confortable de ±10 m² et d’une salle de douche moderne. Une opportunité rare dans un quartier emblématique de la capitale. À deux pas du centre historique, des commerces, restaurants et transports en commun, il séduit par sa luminosité et ses finitions soignées. À visiter sans tarder ! A découvrir chez Victoire - Junot - www.victoire.be- Tel : Tel;Rue Van Moer 2;Bruxelles;1000;65;1450;1;Appartement;False;False;['https://api-image.immovlan.be/v1/property/VBD43088/images/de4073d5f48a45bf9b1ca040dbd01762.jpg/webp/ExtraLarge?mode=pad&format=webp&quality=75', 'https://api-image.immovlan.be/v1/property/VBD43088/images/84db252aaf0b4310945d36e3b7ae131a.jpg/webp/ExtraLarge?mode=pad&format=webp&quality=75', 'https://api-image.immovlan.be/v1/property/VBD43088/images/b48763980bc14c4eb5665f93bcf4c1ce.jpg/webp/ExtraLarge?mode=pad&format=webp&quality=75', 'https://api-image.immovlan.be/v1/property/VBD43088/images/3caecc70c7544cc0b2e2d7698a428d2c.jpg/webp/ExtraLarge?mode=pad&format=webp&quality=75', 'https://api-image.immovlan.be/v1/property/VBD43088/images/ada6c170ab124055abe531ee0419160e.jpg/webp/ExtraLarge?mode=pad&format=webp&quality=75', 'https://api-image.immovlan.be/v1/property/VBD43088/images/a5e7fcf7bf8142fd96e9b29f710f800a.jpg/webp/ExtraLarge?mode=pad&format=webp&quality=75', 'https://api-image.immovlan.be/v1/property/VBD43088/images/0a5e270dcf434336947f668d55ffbe9e.jpg/webp/ExtraLarge?mode=pad&format=webp&quality=75', 'https://api-image.immovlan.be/v1/property/VBD43088/images/4c9d491c4ac74dde8c4bd3907e960417.jpg/webp/ExtraLarge?mode=pad&format=webp&quality=75', 'https://api-image.immovlan.be/v1/property/VBD43088/images/62c3be39582d40f4bb5a20f437bdaa85.jpg/webp/ExtraLarge?mode=pad&format=webp&quality=75'];https://immovlan.be/fr/detail/appartement/a-louer/1000/bruxelles/vbd43088;location
Appartement;"Situé sur la prestigieuse avenue Louise, face au Bois de la Cambre et au Clos des Milliardaires, cet élégant appartement entièrement meublé occupe le sixième étage d’un immeuble de standing et offre une vue imprenable sur le bois. L’appartement séduit par son hall d’entrée spacieux, son agréable espace de vie lumineux comprenant un salon et une salle à manger avec balcon, ainsi qu’une grande cuisine séparée et entièrement équipée. Il dispose de trois chambres, dont une suite parentale avec salle de bains et WC, d’une salle de douche séparée et d’un WC invité. Situé sur un coin de l’immeuble, il bénéficie d’une belle luminosité et d’une vue dégagée sur les alentours verdoyants. Les charges mensuelles s’élèvent à 400 €, comprenant une provision pour le chauffage, l’eau chaude et froide ainsi que l’entretien des parties communes. L’appartement est disponible immédiatement. Bail d’un an souhaité.
Plus d’informations et visites sur www.wildproperties.be";Avenue Louise 532 6;Bruxelles;1000;120;2200;1;Appartement;False;False;['https://api-image.immovlan.be/v1/property/VBD43073/images/2b5fd508ea0f4245a7a2d7cb6ac76e52.jpg/webp/ExtraLarge?mode=pad&format=webp&quality=75', 'https://api-image.immovlan.be/v1/property/VBD43073/images/9c059f5e218c434597c79f7a5f6baefd.jpg/webp/ExtraLarge?mode=pad&format=webp&quality=75', 'https://api-image.immovlan.be/v1/property/VBD43073/images/775323643a3b460db64c2f6b5f942fee.jpg/webp/ExtraLarge?mode=pad&format=webp&quality=75', 'https://api-image.immovlan.be/v1/property/VBD43073/images/21694a4ed5ab447fab5121531942f993.jpg/webp/ExtraLarge?mode=pad&format=webp&quality=75', 'https://api-image.immovlan.be/v1/property/VBD43073/images/09d894187ab0457583139210cac62c88.jpg/webp/ExtraLarge?mode=pad&format=webp&quality=75', 'https://api-image.immovlan.be/v1/property/VBD43073/images/c9081e68e524479e90bd81d9bf200f85.jpg/webp/ExtraLarge?mode=pad&format=webp&quality=75', 'https://api-image.immovlan.be/v1/property/VBD43073/images/cbd33d8d1fa74e24b4d8fb5869abc637.jpg/webp/ExtraLarge?mode=pad&format=webp&quality=75', 'https://api-image.immovlan.be/v1/property/VBD43073/images/fe5c436aae4c4c29b7bb90997378149c.jpg/webp/ExtraLarge?mode=pad&format=webp&quality=75', 'https://api-image.immovlan.be/v1/property/VBD43073/images/4d0dd1adcb504cb4a0ef966fa507586e.jpg/webp/ExtraLarge?mode=pad&format=webp&quality=75', 'https://api-image.immovlan.be/v1/property/VBD43073/images/601a2551e765468ea326de11a36627ec.jpg/webp/ExtraLarge?mode=pad&format=webp&quality=75', 'https://api-image.immovlan.be/v1/property/VBD43073/images/2e3746d6888c4e238a746f71a23df535.jpg/webp/ExtraLarge?mode=pad&format=webp&quality=75', 'https://api-image.immovlan.be/v1/property/VBD43073/images/c083ad42651c41119eb06b7e0a9b20e1.jpg/webp/ExtraLarge?mode=pad&format=webp&quality=75', 'https://api-image.immovlan.be/v1/property/VBD43073/images/b57463bfb05f4bb7ae1589b63f8bf9f5.jpg/webp/ExtraLarge?mode=pad&format=webp&quality=75', 'https://api-image.immovlan.be/v1/property/VBD43073/images/339b8ae073464fb9b83c3f351f8f6382.jpg/webp/ExtraLarge?mode=pad&format=webp&quality=75', 'https://api-image.immovlan.be/v1/property/VBD43073/images/ed76ee50e7eb4d1ca528c4e3e174ca1b.jpg/webp/ExtraLarge?mode=pad&format=webp&quality=75', 'https://api-image.immovlan.be/v1/property/VBD43073/images/bed6f696f623419d886385f93763c79a.jpg/webp/ExtraLarge?mode=pad&format=webp&quality=75'];https://immovlan.be/fr/detail/appartement/a-louer/1000/bruxelles/vbd43073;location
Appartement;BRUXELLES – Proche des squares Ambiorix et Marie-Louise, bel appartement de ± 78m² habitables entièrement rafraichi avec une vue imprenable ! Se compose comme suit : Séjour de ±20m² accès balcon, cuisine ouverte full équipée (four, taques, hotte, frigo, congélateur, lave-vaisselle), 2 chambres de ±12m² chacune, salle de douche. Provision de charges de 250€/mois (eau chaude, chauffage, communs) PEB : D+. Mesures données à titre indicatif.;Avenue de la Brabançonne 80 A;Bruxelles;1000;78;1100;1;Appartement;False;False;['https://api-image.immovlan.be/v1/property/VBD43067/images/8c197764091940b58d6bc9d78cd1fc32.jpg/webp/ExtraLarge?mode=pad&format=webp&quality=75', 'https://api-image.immovlan.be/v1/property/VBD43067/images/60eb51e69d214ded924c89a90c7c9446.jpg/webp/ExtraLarge?mode=pad&format=webp&quality=75', 'https://api-image.immovlan.be/v1/property/VBD43067/images/a21eea3ab9e840dca54477483d8f55e4.jpg/webp/ExtraLarge?mode=pad&format=webp&quality=75', 'https://api-image.immovlan.be/v1/property/VBD43067/images/2a97a5fbf57543acbb62f7a43ad57f57.jpg/webp/ExtraLarge?mode=pad&format=webp&quality=75', 'https://api-image.immovlan.be/v1/property/VBD43067/images/0675ba39d51a482bb7d5a1501291b90f.jpg/webp/ExtraLarge?mode=pad&format=webp&quality=75', 'https://api-image.immovlan.be/v1/property/VBD43067/images/e01122dd799f41b5872cac64a2da40a9.jpg/webp/ExtraLarge?mode=pad&format=webp&quality=75', 'https://api-image.immovlan.be/v1/property/VBD43067/images/2778a849c7124ae8a67841ae4d0ff003.jpg/webp/ExtraLarge?mode=pad&format=webp&quality=75', 'https://api-image.immovlan.be/v1/property/VBD43067/images/d500cf929c174bacbcd9917a3eb210de.jpg/webp/ExtraLarge?mode=pad&format=webp&quality=75', 'https://api-image.immovlan.be/v1/property/VBD43067/images/f0eccd785e9c4f58a0ce89ddf311690a.jpg/webp/ExtraLarge?mode=pad&format=webp&quality=75', 'https://api-image.immovlan.be/v1/property/VBD43067/images/a570eaa53c864208bbc55a3d4eeee9a1.jpg/webp/ExtraLarge?mode=pad&format=webp&quality=75', 'https://api-image.immovlan.be/v1/property/VBD43067/images/1c38f133c1464185a04c72093d1c2e1c.jpg/webp/ExtraLarge?mode=pad&format=webp&quality=75', 'https://api-image.immovlan.be/v1/property/VBD43067/images/4f194456fa8c4da68ef999efef7a1559.jpg/webp/ExtraLarge?mode=pad&format=webp&quality=75', 'https://api-image.immovlan.be/v1/property/VBD43067/images/fb3729072faf45308002a6b80c72fe3b.jpg/webp/ExtraLarge?mode=pad&format=webp&quality=75', 'https://api-image.immovlan.be/v1/property/VBD43067/images/154e237918d540788110fc426d44d849.jpg/webp/ExtraLarge?mode=pad&format=webp&quality=75', 'https://api-image.immovlan.be/v1/property/VBD43067/images/cc63bea21ab54aebb2345fb883d84f64.jpg/webp/ExtraLarge?mode=pad&format=webp&quality=75', 'https://api-image.immovlan.be/v1/property/VBD43067/images/c3f9b0c909d24e0a9b15430d59c26568.jpg/webp/ExtraLarge?mode=pad&format=webp&quality=75', 'https://api-image.immovlan.be/v1/property/VBD43067/images/685a0938112d4a00a0212ef0661fc665.jpg/webp/ExtraLarge?mode=pad&format=webp&quality=75', 'https://api-image.immovlan.be/v1/property/VBD43067/images/3bed7bcfc6cf48ecbbf183c57c997798.jpg/webp/ExtraLarge?mode=pad&format=webp&quality=75'];https://immovlan.be/fr/detail/appartement/a-louer/1000/bruxelles/vbd43067;location
Appartement;Proche du Parc de Roodebeek et du quartier Tomberg, bel appartement d’une superficie totale de ± 100 m² situé dans une magnifique résidence construite en 2015. Il se compose d’un hall d’entrée, d’un beau séjour (± 23 m²), d’une cuisine ouverte super équipée, de 3 belles chambres (± 13,25 m², ± 10 m² et ± 8 m²), de 2 salles de bains, d’une buanderie et d’un water-closet séparé. Jolie terrasse (± 10 m²). Cave incluse et un emplacement de parking en supplément obligatoire (100 €/mois). L’appartement dispose également d’une porte blindée, de fenêtres à double vitrage et d’un système de ventilation double flux. Charges : 100 €/mois (Provision pour l’entretien des parties communes). PEB B. À découvrir au plus vite chez Vaneau Lecobel !!;Rue de l'Athénée Royal 89;Woluwe-Saint-Lambert;1200;100;1850;1;Appartement;False;False;['https://api-image.immovlan.be/v1/property/VBD43135/images/2642d467642e4409a46f78ac5236ef8b.jpg/webp/ExtraLarge?mode=pad&format=webp&quality=75', 'https://api-image.immovlan.be/v1/property/VBD43135/images/bb9ffbaf01ea41d8ba820411525804b4.jpg/webp/ExtraLarge?mode=pad&format=webp&quality=75', 'https://api-image.immovlan.be/v1/property/VBD43135/images/9599249321b84deaabaa78573355a71f.jpg/webp/ExtraLarge?mode=pad&format=webp&quality=75', 'https://api-image.immovlan.be/v1/property/VBD43135/images/1af5c2835a954e04a724d29c439170b2.jpg/webp/ExtraLarge?mode=pad&format=webp&quality=75', 'https://api-image.immovlan.be/v1/property/VBD43135/images/eb8d35a11ea14f08a702ccae44c315b8.jpg/webp/ExtraLarge?mode=pad&format=webp&quality=75', 'https://api-image.immovlan.be/v1/property/VBD43135/images/f8de7f23ced2455cb3af00d0aedf7f94.jpg/webp/ExtraLarge?mode=pad&format=webp&quality=75', 'https://api-image.immovlan.be/v1/property/VBD43135/images/2b92bb0e90874bffb15f1145f95397ea.jpg/webp/ExtraLarge?mode=pad&format=webp&quality=75', 'https://api-image.immovlan.be/v1/property/VBD43135/images/99b9fec2be824887afb3b34ab08e3ea4.jpg/webp/ExtraLarge?mode=pad&format=webp&quality=75', 'https://api-image.immovlan.be/v1/property/VBD43135/images/c81aa09786e54a7cb708d64aa81d34a0.jpg/webp/ExtraLarge?mode=pad&format=webp&quality=75', 'https://api-image.immovlan.be/v1/property/VBD43135/images/0384dc93c00342f79183998ea8781c9a.jpg/webp/ExtraLarge?mode=pad&format=webp&quality=75', 'https://api-image.immovlan.be/v1/property/VBD43135/images/7085b09bcae64156a2661630240ef8d4.jpg/webp/ExtraLarge?mode=pad&format=webp&quality=75', 'https://api-image.immovlan.be/v1/property/VBD43135/images/203458456ac84d0eaa8e7a6da15c0abb.jpg/webp/ExtraLarge?mode=pad&format=webp&quality=75', 'https://api-image.immovlan.be/v1/property/VBD43135/images/42f70872435d4a64b7a71b10b01b520e.jpg/webp/ExtraLarge?mode=pad&format=webp&quality=75', 'https://api-image.immovlan.be/v1/property/VBD43135/images/7b4f4da9614340bebd45e2a815a4f111.jpg/webp/ExtraLarge?mode=pad&format=webp&quality=75'];https://immovlan.be/fr/detail/appartement/a-louer/1200/woluwe-saint-lambert/vbd43135;location
Appartement;Adresse: Neder-Over-Hembeek, limite Laeken, proximité PAGODES et Domaine Royal => RUE DE LA BALSAMINE : Superbe appartement, très lumineux et moderne (construction 2008), +/- 70m², avec terrasse (+/-8m² - Sud), au 3eme et dernier étage avec ascenseur. Composition : living (+ accès terrasse), cuisine américaine super-équipée, 2 chambres (une grande et une petite, avec placards), salle de bains avec emplacement machines, WC séparé, hall de jour et hall de nuit. Cave. Terrasse arrière, plein Sud ! Chaudière individuelle (gaz). Matériaux de qualité. Score PEB = C- / 139. Budget locatif : Loyer 1.200€ + forfait charges communes 75€ = 1.275€/mois + abonnements/compteurs privatifs : eau, gaz chauffage, électricité, internet/TV. Libre le 01/11/25. NB : le propriétaire souhaite un bail de longue durée (9ans). Conditions de location et descriptif disponibles sur notre website : www.immo2a.be. Visite sur RDV : inscription par Email (AGENCE IMMO 2A – DELBROUCK);Rue de la Balsamine, n° 65;Laeken;1020;70;1200;1;Appartement;False;False;['https://api-image.immovlan.be/v1/property/VBD42972/images/efea91ac325543f0a5f3593768866dbc.jpg/webp/ExtraLarge?mode=pad&format=webp&quality=75', 'https://api-image.immovlan.be/v1/property/VBD42972/images/b547a7812c3347f5beb1ed15fa24937f.jpg/webp/ExtraLarge?mode=pad&format=webp&quality=75', 'https://api-image.immovlan.be/v1/property/VBD42972/images/8fca104bfe4848be921dafb7e001cbb7.jpg/webp/ExtraLarge?mode=pad&format=webp&quality=75', 'https://api-image.immovlan.be/v1/property/VBD42972/images/fa32c8617e574a1195b1ddee1b553995.jpg/webp/ExtraLarge?mode=pad&format=webp&quality=75', 'https://api-image.immovlan.be/v1/property/VBD42972/images/3df51bbe60b644728281a80785f68c5e.jpg/webp/ExtraLarge?mode=pad&format=webp&quality=75', 'https://api-image.immovlan.be/v1/property/VBD42972/images/69df716324784c9fa9f27e27ef1d3043.jpg/webp/ExtraLarge?mode=pad&format=webp&quality=75', 'https://api-image.immovlan.be/v1/property/VBD42972/images/50bde3f5595f40faa79c1cfd581c8328.jpg/webp/ExtraLarge?mode=pad&format=webp&quality=75', 'https://api-image.immovlan.be/v1/property/VBD42972/images/3db28864b2954740909a1ab53eda4b25.jpg/webp/ExtraLarge?mode=pad&format=webp&quality=75', 'https://api-image.immovlan.be/v1/property/VBD42972/images/30f4939484094437a131f640ca02fb4a.jpg/webp/ExtraLarge?mode=pad&format=webp&quality=75', 'https://api-image.immovlan.be/v1/property/VBD42972/images/319bc8dc3bd1453694c825c2e58e8312.jpg/webp/ExtraLarge?mode=pad&format=webp&quality=75'];https://immovlan.be/fr/detail/appartement/a-louer/1020/laeken/vbd42972;location
Duplex;Découvrez cet appartement duplex lumineux et spacieux situé au deuxième étage d'un petit immeuble dans un quartier calme et verdoyant d'Auderghem. Le premier étage vous accueille avec un espace de vie ouvert et une cuisine entièrement équipée. A l'arrière se trouve une pièce polyvalente pouvant servir de chambre ou de bureau, suivie d'une salle de douche, d'un WC séparé et d'un accès à un balcon confortable. À l'étage, une salle de bains spacieuse est équipée d'un lave-linge et d'un sèche-linge. En outre, il y a deux chambres spacieuses, dont l'une est équipée d'une charmante mezzanine - idéale comme coin lecture, salle de loisirs ou espace de couchage supplémentaire. Situation tranquille à Auderghem, à proximité des transports en commun et des commerces. Intéressé(e) ? N'hésitez pas à nous contacter pour une visite ! Uniquement par Email;Isidore Geyskenslaan 35;Auderghem;1160;130;1700;1;Duplex;False;False;['https://api-image.immovlan.be/v1/property/RBU55678/images/f8ea64fd6ca0417dac07093b64348752.jpg/webp/ExtraLarge?mode=pad&format=webp&quality=75', 'https://api-image.immovlan.be/v1/property/RBU55678/images/f2b21dfa0f3c4c3db3e8672b63c504c7.jpg/webp/ExtraLarge?mode=pad&format=webp&quality=75', 'https://api-image.immovlan.be/v1/property/RBU55678/images/87b33650d84d40d2a6dffbbb076e059c.jpg/webp/ExtraLarge?mode=pad&format=webp&quality=75', 'https://api-image.immovlan.be/v1/property/RBU55678/images/85408ef20b8e43e0bdaf8d28cf727b65.jpg/webp/ExtraLarge?mode=pad&format=webp&quality=75', 'https://api-image.immovlan.be/v1/property/RBU55678/images/cc679ddd00c640349337a98a89f28fdf.jpg/webp/ExtraLarge?mode=pad&format=webp&quality=75', 'https://api-image.immovlan.be/v1/property/RBU55678/images/bf39c69c5ddb4ed6be1469de9edd2531.jpg/webp/ExtraLarge?mode=pad&format=webp&quality=75', 'https://api-image.immovlan.be/v1/property/RBU55678/images/eb399738c17041e68672720ff253617f.jpg/webp/ExtraLarge?mode=pad&format=webp&quality=75', 'https://api-image.immovlan.be/v1/property/RBU55678/images/af16c4f715f34ffd88f7ef282673e6f3.jpg/webp/ExtraLarge?mode=pad&format=webp&quality=75', 'https://api-image.immovlan.be/v1/property/RBU55678/images/b03e1c96e74b4501ad8208749f86bb3e.jpg/webp/ExtraLarge?mode=pad&format=webp&quality=75', 'https://api-image.immovlan.be/v1/property/RBU55678/images/da2c0e6a22644118ae7eb036172eb958.jpg/webp/ExtraLarge?mode=pad&format=webp&quality=75', 'https://api-image.immovlan.be/v1/property/RBU55678/images/591a97e1dc8d45319d018986b454fecf.jpg/webp/ExtraLarge?mode=pad&format=webp&quality=75', 'https://api-image.immovlan.be/v1/property/RBU55678/images/cdb3f99d21604ae7b7facb197974efaa.jpg/webp/ExtraLarge?mode=pad&format=webp&quality=75', 'https://api-image.immovlan.be/v1/property/RBU55678/images/c03ae98e6ead4027a4c9688dd618c6a8.jpg/webp/ExtraLarge?mode=pad&format=webp&quality=75', 'https://api-image.immovlan.be/v1/property/RBU55678/images/24186008b3c44a3ca1fa0146c7607182.jpg/webp/ExtraLarge?mode=pad&format=webp&quality=75', 'https://api-image.immovlan.be/v1/property/RBU55678/images/3e154641fdab4bfeb20993ab3f597336.jpg/webp/ExtraLarge?mode=pad&format=webp&quality=75', 'https://api-image.immovlan.be/v1/property/RBU55678/images/b96313360c6146d89c1ddd2f40f1dbbe.jpg/webp/ExtraLarge?mode=pad&format=webp&quality=75', 'https://api-image.immovlan.be/v1/property/RBU55678/images/65bd1b4c57d24b1f96af589feb32b668.jpg/webp/ExtraLarge?mode=pad&format=webp&quality=75', 'https://api-image.immovlan.be/v1/property/RBU55678/images/a5b890988bf84bf9a6347e003a8feaee.jpg/webp/ExtraLarge?mode=pad&format=webp&quality=75', 'https://api-image.immovlan.be/v1/property/RBU55678/images/7e2f7c07425941a58ab77b129dfe8c0e.jpg/webp/ExtraLarge?mode=pad&format=webp&quality=75', 'https://api-image.immovlan.be/v1/property/RBU55678/images/a186568cbcab45eabe061d98a5530759.jpg/webp/ExtraLarge?mode=pad&format=webp&quality=75', 'https://api-image.immovlan.be/v1/property/RBU55678/images/4084f19cf5d3440ea243455978c27afb.jpg/webp/ExtraLarge?mode=pad&format=webp&quality=75', 'https://api-image.immovlan.be/v1/property/RBU55678/images/71c18b4610b34542bc98de64556decfd.jpg/webp/ExtraLarge?mode=pad&format=webp&quality=75', 'https://api-image.immovlan.be/v1/property/RBU55678/images/9da2ce88999a4362b4e9ec7ed7f8fab6.jpg/webp/ExtraLarge?mode=pad&format=webp&quality=75'];https://immovlan.be/fr/detail/duplex/a-louer/1160/auderghem/rbu55678;location
Appartement;"Au milieu d'un parc privé dans le quartier recherché de l'Observatoire, magnifique appartement rénové en 2019 d'une superficie totale de ± 235 m² dans une résidence de standing. Il se compose d'un hall d'entrée avec un WC ""invités"" et un vestiaire, d'un vaste et lumineux séjour (± 58,70 m²), d'une cuisine super équipée (frigo américain, four vapeur, réchauffe-plat, frigo à vin, friteuse de la marque Miele), d'un hall de nuit, de 3 belles chambres (± 34 m², ± 19 m² et ± 13 m²), d'une salle de bains et douche attenante à la chambre principale, d'une salle de douche et d'un espace buanderie. Deux belles terrasses (± 28,90 m² et ± 10,70 m²). Grand double box de garage pour deux voitures en supplément obligatoire (150 €/mois). Porte blindée, double vitrage, de nombreux rangements et matériaux de qualité. Charges : 700 €/mois (Provision pour le chauffage, l'eau, la concierge, l'entretien des jardins communs et des parties communes). PEB C+. A découvrir au plus vite chez Vaneau Lecobel !!";Avenue Hamoir 37c;Uccle;1180;235;3100;1;Appartement;False;False;['https://api-image.immovlan.be/v1/property/VBD43126/images/0bbe4ffaa9124c1c9f868ae24325bb00.jpg/webp/ExtraLarge?mode=pad&format=webp&quality=75', 'https://api-image.immovlan.be/v1/property/VBD43126/images/6c64e8699cfe41b1b6db41937e5258d3.jpg/webp/ExtraLarge?mode=pad&format=webp&quality=75', 'https://api-image.immovlan.be/v1/property/VBD43126/images/27b2ea507aaf4b2cab15c3cf91c697ba.jpg/webp/ExtraLarge?mode=pad&format=webp&quality=75', 'https://api-image.immovlan.be/v1/property/VBD43126/images/3fab6610a12c4c22990a2603a8537a68.jpg/webp/ExtraLarge?mode=pad&format=webp&quality=75', 'https://api-image.immovlan.be/v1/property/VBD43126/images/197525a74f79488d91967f165e9b3a9f.jpg/webp/ExtraLarge?mode=pad&format=webp&quality=75', 'https://api-image.immovlan.be/v1/property/VBD43126/images/3c54fb8456394c6885d61d4696ddfda4.jpg/webp/ExtraLarge?mode=pad&format=webp&quality=75', 'https://api-image.immovlan.be/v1/property/VBD43126/images/0fb37b1f8462416a96b9c85e8e524f32.jpg/webp/ExtraLarge?mode=pad&format=webp&quality=75', 'https://api-image.immovlan.be/v1/property/VBD43126/images/a912ad48eece4fa5a72815f519d53121.jpg/webp/ExtraLarge?mode=pad&format=webp&quality=75', 'https://api-image.immovlan.be/v1/property/VBD43126/images/75b1e79bd70e4f91ab644419a58cdaef.jpg/webp/ExtraLarge?mode=pad&format=webp&quality=75', 'https://api-image.immovlan.be/v1/property/VBD43126/images/256132734abe4dfb8ef112f2c89496ad.jpg/webp/ExtraLarge?mode=pad&format=webp&quality=75', 'https://api-image.immovlan.be/v1/property/VBD43126/images/a467de0103ed4fd7958d130955ae7cbd.jpg/webp/ExtraLarge?mode=pad&format=webp&quality=75', 'https://api-image.immovlan.be/v1/property/VBD43126/images/92022b5668e04ca98ffcf5c6f07d1794.jpg/webp/ExtraLarge?mode=pad&format=webp&quality=75', 'https://api-image.immovlan.be/v1/property/VBD43126/images/92b10bc8ef1a4e1a888555d8f96ae687.jpg/webp/ExtraLarge?mode=pad&format=webp&quality=75', 'https://api-image.immovlan.be/v1/property/VBD43126/images/c4e17150e9904199b97f45b2937f138b.jpg/webp/ExtraLarge?mode=pad&format=webp&quality=75', 'https://api-image.immovlan.be/v1/property/VBD43126/images/527d7c9375e74b9fb20c96694ca7e4f7.jpg/webp/ExtraLarge?mode=pad&format=webp&quality=75', 'https://api-image.immovlan.be/v1/property/VBD43126/images/88a9e24f4b6343cfb3f481316ba33945.jpg/webp/ExtraLarge?mode=pad&format=webp&quality=75', 'https://api-image.immovlan.be/v1/property/VBD43126/images/437e4d29cb5541caa4c84553e6200629.jpg/webp/ExtraLarge?mode=pad&format=webp&quality=75', 'https://api-image.immovlan.be/v1/property/VBD43126/images/383adadb38534ac1873fffc908ece797.jpg/webp/ExtraLarge?mode=pad&format=webp&quality=75', 'https://api-image.immovlan.be/v1/property/VBD43126/images/38f37ada8a0b4a99a4b29d7f7f5469d9.jpg/webp/ExtraLarge?mode=pad&format=webp&quality=75'];https://immovlan.be/fr/detail/appartement/a-louer/1180/uccle/vbd43126;location
Appartement;IXELLES - En plein cœur du quartier universitaire de l'ULB, à proximité des commerces et transports en commun, cet agréable APPARTEMENT (1ch/1sdb) est situé au 3e étage d'un immeuble sans ascenseur. Il se compose d'un hall d'entrée avec toilettes séparées, séjour de ±27 m² avec cuisine ouverte semi-équipée, chambre de ±15 m² avec sa salle de bains en suite. Grenier pouvant servir de débarras. Chaudière individuelle. Provisions de charges : +50€/mois (communs et eau froide). PEB : D-. A découvrir chez L&P!;Avenue de l'Universite 17 3;Ixelles;1050;50;1100;1;Appartement;False;False;['https://api-image.immovlan.be/v1/property/VBD43112/images/106c2b3856f746309f48f7d847c50602.jpg/webp/ExtraLarge?mode=pad&format=webp&quality=75', 'https://api-image.immovlan.be/v1/property/VBD43112/images/c7c8cec7c4e24f8982ec752753f10c24.jpg/webp/ExtraLarge?mode=pad&format=webp&quality=75', 'https://api-image.immovlan.be/v1/property/VBD43112/images/40356fc5e5834fd1a63e3f3000f73cda.jpg/webp/ExtraLarge?mode=pad&format=webp&quality=75', 'https://api-image.immovlan.be/v1/property/VBD43112/images/5cc2463092c448c293ff6fff08d6c94b.jpg/webp/ExtraLarge?mode=pad&format=webp&quality=75', 'https://api-image.immovlan.be/v1/property/VBD43112/images/35bbd7f3110e46a0af6fbbcaa1d8bc80.jpg/webp/ExtraLarge?mode=pad&format=webp&quality=75', 'https://api-image.immovlan.be/v1/property/VBD43112/images/deeb8bd76b984357b0b077fc6eb7990b.jpg/webp/ExtraLarge?mode=pad&format=webp&quality=75', 'https://api-image.immovlan.be/v1/property/VBD43112/images/8b6fd9e25fc54a8f9793a844b8a1b572.jpg/webp/ExtraLarge?mode=pad&format=webp&quality=75', 'https://api-image.immovlan.be/v1/property/VBD43112/images/2441fe3e257a4ab3b9ef16f7b6359e75.jpg/webp/ExtraLarge?mode=pad&format=webp&quality=75', 'https://api-image.immovlan.be/v1/property/VBD43112/images/ffe991b6657e4026b0ee87db2872f620.jpg/webp/ExtraLarge?mode=pad&format=webp&quality=75', 'https://api-image.immovlan.be/v1/property/VBD43112/images/90012d5bb2e84921a0383cb951dd9804.jpg/webp/ExtraLarge?mode=pad&format=webp&quality=75', 'https://api-image.immovlan.be/v1/property/VBD43112/images/3d5b14e7782a492791c4d46f62284843.jpg/webp/ExtraLarge?mode=pad&format=webp&quality=75'];https://immovlan.be/fr/detail/appartement/a-louer/1050/ixelles/vbd43112;location
Maison;WOLUWE-SAINT-PIERRE, dans une rue calme à deux pas de la Place Dumon, exceptionnelle MAISON 3 façades (5ch/3sdb/bureau) avec GARAGE – le tout développant une surface de 383 m² !,Cette maison unifamiliale se compose, au rez-de-chaussée, d’un hall d’entrée, d’un vaste salon de 40 m² avec accès direct à la terrasse et au jardin, d’une salle à manger de 20 m², d’un bureau de 12 m² avec placards intégrés, ainsi que d’une cuisine super-équipée avec coin déjeuner. Au 1er étage, une suite parentale avec dressing, salle de bain, et accès à un rooftop de 60 m², ainsi que 4 chambres (16, 12, 12, 11 m²) avec placards intégrés, une salle de bain (baignoire, double lavabo), une salle de douche (toilette et douche), et une buanderie équipée (lave-linge et sèche-linge). Garage avec espace de stockage. Portail électrique. Luminaires installés. Entretien du jardin, système d’alarme et caméras à charge du locataire. PEB : E+. À découvrir en exclusivité chez Latour & Petit !;Avenue du Monoplan 50;Woluwe-Saint-Pierre;1150;383;4200;1;Maison;False;False;['https://api-image.immovlan.be/v1/property/VBD43111/images/502a0eb0afef4b66a2e0d99b371c38bc.jpg/webp/ExtraLarge?mode=pad&format=webp&quality=75', 'https://api-image.immovlan.be/v1/property/VBD43111/images/8ccf6275733c4120b8642232ed1feb18.jpg/webp/ExtraLarge?mode=pad&format=webp&quality=75', 'https://api-image.immovlan.be/v1/property/VBD43111/images/506905fa1cf54bb4840915e506c44bd4.jpg/webp/ExtraLarge?mode=pad&format=webp&quality=75', 'https://api-image.immovlan.be/v1/property/VBD43111/images/8a993c97f7794d01aae9b4928a3be308.jpg/webp/ExtraLarge?mode=pad&format=webp&quality=75', 'https://api-image.immovlan.be/v1/property/VBD43111/images/53c88e215bdc430db66a32af93f8de66.jpg/webp/ExtraLarge?mode=pad&format=webp&quality=75', 'https://api-image.immovlan.be/v1/property/VBD43111/images/40c7aa1f676b47baa547a416c136f18d.jpg/webp/ExtraLarge?mode=pad&format=webp&quality=75', 'https://api-image.immovlan.be/v1/property/VBD43111/images/7b647aca151d4a54a7dd366c457bfc88.jpg/webp/ExtraLarge?mode=pad&format=webp&quality=75', 'https://api-image.immovlan.be/v1/property/VBD43111/images/76fddad095fb485a823494c70175661d.jpg/webp/ExtraLarge?mode=pad&format=webp&quality=75', 'https://api-image.immovlan.be/v1/property/VBD43111/images/b5948cf5845b44a5995a88dabeb3ef0b.jpg/webp/ExtraLarge?mode=pad&format=webp&quality=75', 'https://api-image.immovlan.be/v1/property/VBD43111/images/d707fd46ddde42769fd84991d5e0d901.jpg/webp/ExtraLarge?mode=pad&format=webp&quality=75', 'https://api-image.immovlan.be/v1/property/VBD43111/images/09a44a89571b4e44b0034f66fd4cf7c8.jpg/webp/ExtraLarge?mode=pad&format=webp&quality=75', 'https://api-image.immovlan.be/v1/property/VBD43111/images/07795d038db0486984adeebebb961fe0.jpg/webp/ExtraLarge?mode=pad&format=webp&quality=75', 'https://api-image.immovlan.be/v1/property/VBD43111/images/dfa837753491446baf9e4447c5bbf03b.jpg/webp/ExtraLarge?mode=pad&format=webp&quality=75', 'https://api-image.immovlan.be/v1/property/VBD43111/images/384a6d5ceaa34d26a76be5f66f799663.jpg/webp/ExtraLarge?mode=pad&format=webp&quality=75', 'https://api-image.immovlan.be/v1/property/VBD43111/images/35bf26fa46ce4436a7c476dc8ccef9b6.jpg/webp/ExtraLarge?mode=pad&format=webp&quality=75', 'https://api-image.immovlan.be/v1/property/VBD43111/images/4a1c89a206fd4151a8f41efa0d3da69c.jpg/webp/ExtraLarge?mode=pad&format=webp&quality=75', 'https://api-image.immovlan.be/v1/property/VBD43111/images/2678fedd311c4b25bcfd7c6dcf6bd8fe.jpg/webp/ExtraLarge?mode=pad&format=webp&quality=75', 'https://api-image.immovlan.be/v1/property/VBD43111/images/c4b80f07dbae4f8eb25a05d46bc1fabc.jpg/webp/ExtraLarge?mode=pad&format=webp&quality=75', 'https://api-image.immovlan.be/v1/property/VBD43111/images/b7323188fa9045f38cbb862e456626f7.jpg/webp/ExtraLarge?mode=pad&format=webp&quality=75', 'https://api-image.immovlan.be/v1/property/VBD43111/images/8d23445702ca42e796088df65a14e2f3.jpg/webp/ExtraLarge?mode=pad&format=webp&quality=75', 'https://api-image.immovlan.be/v1/property/VBD43111/images/4f12485438444f54b7819a408ecaefa4.jpg/webp/ExtraLarge?mode=pad&format=webp&quality=75', 'https://api-image.immovlan.be/v1/property/VBD43111/images/e96705975aa1484c8f1b13139d80e90c.jpg/webp/ExtraLarge?mode=pad&format=webp&quality=75', 'https://api-image.immovlan.be/v1/property/VBD43111/images/a386249a45a349f2a3371c260cf34728.jpg/webp/ExtraLarge?mode=pad&format=webp&quality=75', 'https://api-image.immovlan.be/v1/property/VBD43111/images/edebad56f8ba40c3bc3432337b6f12fd.jpg/webp/ExtraLarge?mode=pad&format=webp&quality=75', 'https://api-image.immovlan.be/v1/property/VBD43111/images/9b68f0a6ee484db0a03aecbe8160869e.jpg/webp/ExtraLarge?mode=pad&format=webp&quality=75', 'https://api-image.immovlan.be/v1/property/VBD43111/images/c88b372d286d4e309e4525d6616f6006.jpg/webp/ExtraLarge?mode=pad&format=webp&quality=75', 'https://api-image.immovlan.be/v1/property/VBD43111/images/b4a05efe08a245ada06a926f42ee0a0b.jpg/webp/ExtraLarge?mode=pad&format=webp&quality=75', 'https://api-image.immovlan.be/v1/property/VBD43111/images/478262d9a01441baa0ac7d40be6ef063.jpg/webp/ExtraLarge?mode=pad&format=webp&quality=75', 'https://api-image.immovlan.be/v1/property/VBD43111/images/62faf076409948abb37be0e8f8eecaf1.jpg/webp/ExtraLarge?mode=pad&format=webp&quality=75', 'https://api-image.immovlan.be/v1/property/VBD43111/images/6a8a361a03fb4d25b52ea69f5a5cbb33.jpg/webp/ExtraLarge?mode=pad&format=webp&quality=75', 'https://api-image.immovlan.be/v1/property/VBD43111/images/2644f5a56872424097eccbe0c71ce672.jpg/webp/ExtraLarge?mode=pad&format=webp&quality=75', 'https://api-image.immovlan.be/v1/property/VBD43111/images/a9ca082e2320414f900db244998b594f.jpg/webp/ExtraLarge?mode=pad&format=webp&quality=75', 'https://api-image.immovlan.be/v1/property/VBD43111/images/5dc0689a601d49929537b4be08334019.jpg/webp/ExtraLarge?mode=pad&format=webp&quality=75', 'https://api-image.immovlan.be/v1/property/VBD43111/images/84c35131dd4b4411a6ab35012d755441.jpg/webp/ExtraLarge?mode=pad&format=webp&quality=75', 'https://api-image.immovlan.be/v1/property/VBD43111/images/61a73ab4b4474789b091ec023e50fe7f.jpg/webp/ExtraLarge?mode=pad&format=webp&quality=75'];https://immovlan.be/fr/detail/maison/a-louer/1150/woluwe-saint-pierre/vbd43111;location
Appartement;WOLUWE-SAINT-LAMBERT, à proximité de la promenade verte, entre la place Dumon et le Shopping. Bel Appartement (1CH/1SDD) de +/-71m² avec jardin et parking. Situé au rez-de-chaussée, il se compose d'un hall d'entrée avec toilette , un living avec une cuisine ouverte super équipée de +/- 39m² donnant accès à une terrasse et au jardin de 55m², buanderie séparée. Une chambre de 14m² avec salle de douche en suite. Un emplacement de parking intérieur et une cave. Provisions de charges : 150€ (communs et le chauffage).Panneaux solaires. PEB : B+. A découvrir chez L&P !;Clos Amanda Stassart 2 2.02;Woluwe-Saint-Lambert;1200;71;1350;1;Appartement;False;False;['https://api-image.immovlan.be/v1/property/VBD43110/images/990eb8d2251647888e5c5f5bbad242cb.jpg/webp/ExtraLarge?mode=pad&format=webp&quality=75', 'https://api-image.immovlan.be/v1/property/VBD43110/images/75d42da087d14d1f833e531cc696653e.jpg/webp/ExtraLarge?mode=pad&format=webp&quality=75', 'https://api-image.immovlan.be/v1/property/VBD43110/images/d3ff0484b0c1466caab52173a2cb4cb8.jpg/webp/ExtraLarge?mode=pad&format=webp&quality=75', 'https://api-image.immovlan.be/v1/property/VBD43110/images/4d4cffa79b1c4b85a198429f478842ab.jpg/webp/ExtraLarge?mode=pad&format=webp&quality=75', 'https://api-image.immovlan.be/v1/property/VBD43110/images/8fb25ca0a7d64601a999a6dab670866d.jpg/webp/ExtraLarge?mode=pad&format=webp&quality=75', 'https://api-image.immovlan.be/v1/property/VBD43110/images/c3a0b02873e94f90b5bf0faf40443d1c.jpg/webp/ExtraLarge?mode=pad&format=webp&quality=75', 'https://api-image.immovlan.be/v1/property/VBD43110/images/e21e149ce9a54bb98dc41f41eab33418.jpg/webp/ExtraLarge?mode=pad&format=webp&quality=75', 'https://api-image.immovlan.be/v1/property/VBD43110/images/901b910c30294f0699b604d6332e7535.jpg/webp/ExtraLarge?mode=pad&format=webp&quality=75', 'https://api-image.immovlan.be/v1/property/VBD43110/images/6bc6b34abd894ea9a62ce1d0c42e294c.jpg/webp/ExtraLarge?mode=pad&format=webp&quality=75', 'https://api-image.immovlan.be/v1/property/VBD43110/images/2779f1e6474048e7b7f28f87f33c502e.jpg/webp/ExtraLarge?mode=pad&format=webp&quality=75', 'https://api-image.immovlan.be/v1/property/VBD43110/images/4d883305618948499e15847f2ef0df60.jpg/webp/ExtraLarge?mode=pad&format=webp&quality=75'];https://immovlan.be/fr/detail/appartement/a-louer/1200/woluwe-saint-lambert/vbd43110;location
Studio;"Idéalement situé à Etterbeek, dans le quartier calme de la Chasse, non loin du parc du Cinquantenaire et de la commission européenne, J&J Properties vous propose cet agréable studio meublé.

Le studio est composé d'un hall d'entrée, d'une cuisine équipée avec un frigo et un mirco-onde, d'un lumineux séjour muni d'un lit et d'une salle de bain.

D'un point de vue technique: Fenêtres à double vitrage, chaudière à gaz

Charges forfaitaires de 200€ tout compris (eau, électricité, chauffage, internet, assurance...)

A venir visiter sans plus tarder !
Tout voir";Rue Baron Lambert 129;Etterbeek;1040;32;900;1;Studio;False;False;['https://api-image.immovlan.be/v1/property/VBD43097/images/f0d18e06873442de869a3a18afd9c6e7.jpg/webp/ExtraLarge?mode=pad&format=webp&quality=75', 'https://api-image.immovlan.be/v1/property/VBD43097/images/2be23d8748604cea83512045e78e28bc.jpg/webp/ExtraLarge?mode=pad&format=webp&quality=75', 'https://api-image.immovlan.be/v1/property/VBD43097/images/a95b0fecd756479f8d3b44c5d8958eee.jpg/webp/ExtraLarge?mode=pad&format=webp&quality=75', 'https://api-image.immovlan.be/v1/property/VBD43097/images/0f2db18df4474bc4b985b30764ac003c.jpg/webp/ExtraLarge?mode=pad&format=webp&quality=75', 'https://api-image.immovlan.be/v1/property/VBD43097/images/7567fac5c74a42dc97160d39c854e9b6.jpg/webp/ExtraLarge?mode=pad&format=webp&quality=75', 'https://api-image.immovlan.be/v1/property/VBD43097/images/e894a0bdab964931a78dbae77f93496d.jpg/webp/ExtraLarge?mode=pad&format=webp&quality=75', 'https://api-image.immovlan.be/v1/property/VBD43097/images/0ecefcd28608459ab6f4cab6519629c3.jpg/webp/ExtraLarge?mode=pad&format=webp&quality=75', 'https://api-image.immovlan.be/v1/property/VBD43097/images/da51df3346f44e8ba5560572a8daf08b.jpg/webp/ExtraLarge?mode=pad&format=webp&quality=75'];https://immovlan.be/fr/detail/studio/a-louer/1040/etterbeek/vbd43097;location
Maison;"Dans le quartier très recherché du Val Duchesse, villa 4 façades d'exception neuve de +/- 350 m² se composant comme suit

Rez-de-chaussée
- Hall d'entrée de +/- 13 m² avec espace vestiaire (pierre naturelle)
- Toilette séparée
- Salon de +/- 50 m² avec feu ouvert (parquet)
- Salle à manger de +/- 34 m² avec feu ouvert fonctionnel et bar à vin (parquet)
- Accès terrasse et jardin orientés Sud-Est
- Cuisine super équipée de +/- 28 m²
- Espace buanderie
- Bureau de +/- 15,5 m² (parquet)

1ère étage
- Hall de nuit de +/- 20 m² (parquet)
- Suite parentale se composant comme suit :
- Chambre 2 de +/- 11 m² avec rangement (parquet)
- Chambre 3 de +/- 15 m² avec rangement (parquet)
- Salle de douche 1 de +/- 5,5 m²
- Chambre 4 de +/- 16 m²
- Salle de douche 2

2ème étage
- Chambre 5 ou bureau de +/- 26 m²
- Espace technique de +/- 10 m²

- Caves
- Garage
- Deux emplacements de parking extérieur

Informations complémentaires
- PEB B
- Libre immédiatement
- Panneaux solaires
- Chaudière centrale au gaz
- Double vitrage
- Système ventilation double flux
- Adoucisseur d'eau
- Stores installés
- Rideaux installés
- Luminaires installés
Tout voir";Avenue de Lothier 48;Woluwe-Saint-Pierre;1150;350;5900;1;Maison;False;False;['https://api-image.immovlan.be/v1/property/VBD43096/images/affc457fe0b143438f2d367b2d127c60.jpg/webp/ExtraLarge?mode=pad&format=webp&quality=75', 'https://api-image.immovlan.be/v1/property/VBD43096/images/749c03d3fef84e338694835c4cf90019.jpg/webp/ExtraLarge?mode=pad&format=webp&quality=75', 'https://api-image.immovlan.be/v1/property/VBD43096/images/6c8551b97ac347a093bb2647262b5ca8.jpg/webp/ExtraLarge?mode=pad&format=webp&quality=75', 'https://api-image.immovlan.be/v1/property/VBD43096/images/a47d42bd7d72484e804c3da35133e168.jpg/webp/ExtraLarge?mode=pad&format=webp&quality=75', 'https://api-image.immovlan.be/v1/property/VBD43096/images/53595eba73c24e94b87b1f053da0c2f3.jpg/webp/ExtraLarge?mode=pad&format=webp&quality=75', 'https://api-image.immovlan.be/v1/property/VBD43096/images/c280136375ac4d2981e8152abe55dbcd.jpg/webp/ExtraLarge?mode=pad&format=webp&quality=75', 'https://api-image.immovlan.be/v1/property/VBD43096/images/571cac6b22bf449eac67dd08ca134b0a.jpg/webp/ExtraLarge?mode=pad&format=webp&quality=75', 'https://api-image.immovlan.be/v1/property/VBD43096/images/31271c30a5234cc08ed3320548cbc7ac.jpg/webp/ExtraLarge?mode=pad&format=webp&quality=75', 'https://api-image.immovlan.be/v1/property/VBD43096/images/486336f95b474abd91020c460440a05e.jpg/webp/ExtraLarge?mode=pad&format=webp&quality=75', 'https://api-image.immovlan.be/v1/property/VBD43096/images/ec4fe880e13440d981dcf2599c828a55.jpg/webp/ExtraLarge?mode=pad&format=webp&quality=75', 'https://api-image.immovlan.be/v1/property/VBD43096/images/d5e3b9c1c7a8457b8e3b971d8f42260d.jpg/webp/ExtraLarge?mode=pad&format=webp&quality=75', 'https://api-image.immovlan.be/v1/property/VBD43096/images/3fcfd76abdf74645b53892a2813a2cf1.jpg/webp/ExtraLarge?mode=pad&format=webp&quality=75', 'https://api-image.immovlan.be/v1/property/VBD43096/images/507dab85028d451499f079b4990aff87.jpg/webp/ExtraLarge?mode=pad&format=webp&quality=75', 'https://api-image.immovlan.be/v1/property/VBD43096/images/d5f971e4036f424c86e1f5c754bac221.jpg/webp/ExtraLarge?mode=pad&format=webp&quality=75', 'https://api-image.immovlan.be/v1/property/VBD43096/images/902ddbfbaf594f27bb6f499e040e601a.jpg/webp/ExtraLarge?mode=pad&format=webp&quality=75', 'https://api-image.immovlan.be/v1/property/VBD43096/images/69d5d1dea99b426daca72fd473d097bb.jpg/webp/ExtraLarge?mode=pad&format=webp&quality=75', 'https://api-image.immovlan.be/v1/property/VBD43096/images/cd19b71209ff4bafb2d5fe4b2a2a1f2c.jpg/webp/ExtraLarge?mode=pad&format=webp&quality=75', 'https://api-image.immovlan.be/v1/property/VBD43096/images/bcbaade888c54991b7bf7cc400b8dea5.jpg/webp/ExtraLarge?mode=pad&format=webp&quality=75', 'https://api-image.immovlan.be/v1/property/VBD43096/images/c037b4b09c5d44dda68a7701f63b631b.jpg/webp/ExtraLarge?mode=pad&format=webp&quality=75', 'https://api-image.immovlan.be/v1/property/VBD43096/images/d14bb57d8d9e463eb1120730ee94b7fd.jpg/webp/ExtraLarge?mode=pad&format=webp&quality=75', 'https://api-image.immovlan.be/v1/property/VBD43096/images/09ea238045124dfd8a564b8d94f6303e.jpg/webp/ExtraLarge?mode=pad&format=webp&quality=75', 'https://api-image.immovlan.be/v1/property/VBD43096/images/5d7255d059bc47488c390852930d178d.jpg/webp/ExtraLarge?mode=pad&format=webp&quality=75', 'https://api-image.immovlan.be/v1/property/VBD43096/images/a3e13476aac34eebbdab0de4a34e56ab.jpg/webp/ExtraLarge?mode=pad&format=webp&quality=75', 'https://api-image.immovlan.be/v1/property/VBD43096/images/6abf7e2e51a24e4597e2475abf977540.jpg/webp/ExtraLarge?mode=pad&format=webp&quality=75', 'https://api-image.immovlan.be/v1/property/VBD43096/images/c18de9fc9e214444bf8c50b20a28499c.jpg/webp/ExtraLarge?mode=pad&format=webp&quality=75', 'https://api-image.immovlan.be/v1/property/VBD43096/images/9046ee37b40c4b339195a60748993889.jpg/webp/ExtraLarge?mode=pad&format=webp&quality=75', 'https://api-image.immovlan.be/v1/property/VBD43096/images/994f62282e294bae8983bfd7f0bc62f8.jpg/webp/ExtraLarge?mode=pad&format=webp&quality=75', 'https://api-image.immovlan.be/v1/property/VBD43096/images/3c9db6958997477ea5813fab6fc81533.jpg/webp/ExtraLarge?mode=pad&format=webp&quality=75'];https://immovlan.be/fr/detail/maison/a-louer/1150/woluwe-saint-pierre/vbd43096;location
Rez-de-chaussée;Châtelain/Louise - appartement rez-de-chaussée MEUBLE de +/-103m2. Il se compose d'un vaste hall d'entrée de 11m2, séjour / salle à manger de 19m2, cuisine super-équipée avec accès terrasse et au jardin de 50m2 orienté Ouest, WC séparé avec lave-mains, 3 chambres avec placards intégrés (15,50m2 avec une avec salle de bains et toilette - 14,50m2 - 9,50m2, salle de douche de 4,50m2. Une cave à disposition. Local à vélos. CPEB: B 67. Libre le 12/12/2025. Charges (FORFAIT) de 270 €/mois pour le chauffage, le réchauffement de l'eau, l'entretien des communs, la gérance administrative et technique et l'assurance incendie avec abandon de recours. Bail de société possible. Info et visite Tel;Rue Washington 13;Ixelles;1050;103;2430;1;Rez-de-chaussée;False;False;['https://api-image.immovlan.be/v1/property/VBD43085/images/e9b9d4b130614a7583486a4eddd43621.jpg/webp/ExtraLarge?mode=pad&format=webp&quality=75', 'https://api-image.immovlan.be/v1/property/VBD43085/images/ca0a3aecf0344f56b1718977c367fc30.jpg/webp/ExtraLarge?mode=pad&format=webp&quality=75', 'https://api-image.immovlan.be/v1/property/VBD43085/images/fa5c2f09e1a24980bdd6c9e8d4f53025.jpg/webp/ExtraLarge?mode=pad&format=webp&quality=75', 'https://api-image.immovlan.be/v1/property/VBD43085/images/3d885dd183c14f02b078c86b4a0b578f.jpg/webp/ExtraLarge?mode=pad&format=webp&quality=75', 'https://api-image.immovlan.be/v1/property/VBD43085/images/dafc565964eb48c89a49d977682ae214.jpg/webp/ExtraLarge?mode=pad&format=webp&quality=75', 'https://api-image.immovlan.be/v1/property/VBD43085/images/98c2b745e8e946d28e710c300fcaf451.jpg/webp/ExtraLarge?mode=pad&format=webp&quality=75', 'https://api-image.immovlan.be/v1/property/VBD43085/images/58d4f6e33e1e46639a2f6d710822ccb7.jpg/webp/ExtraLarge?mode=pad&format=webp&quality=75', 'https://api-image.immovlan.be/v1/property/VBD43085/images/2809b3e4ce1a4ceca9a90dc447db4111.jpg/webp/ExtraLarge?mode=pad&format=webp&quality=75', 'https://api-image.immovlan.be/v1/property/VBD43085/images/66c43e93ffe04dcbacfd6b6db20787cb.jpg/webp/ExtraLarge?mode=pad&format=webp&quality=75', 'https://api-image.immovlan.be/v1/property/VBD43085/images/85be4997645e43c6bf0eb9274d39f5f6.jpg/webp/ExtraLarge?mode=pad&format=webp&quality=75', 'https://api-image.immovlan.be/v1/property/VBD43085/images/405db7e9edcb40c393b99c6b240a3e2a.jpg/webp/ExtraLarge?mode=pad&format=webp&quality=75'];https://immovlan.be/fr/detail/rez-de-chaussee/a-louer/1050/ixelles/vbd43085;location
Rez-de-chaussée;"Nous vous invitons à découvrir ce magnifique duplex situé à deux pas de la Place Stéphanie et de l'Avenue Louise, proche de tous les centres d'intérêts recherchés et des transports. L'appartement bénéficie d'une superficie de +/- 134 m2 (PEB) comprenant : un salon, un bureau, une salle à manger, une cuisine équipée, une veranda avec un accès à la terrasse et au jardin, une chambre, une salle de bain, un wc séparé ainsi qu'un espace buanderie. Une cave commune est mise a disposition.

Loyer : 1.800€
Charges : L'eau, le gaz et l'électricité sont des compteurs individuels.
Nous cherchons un locataire calme pour une durée de 3 ans.
Un garage est disponible à la location (+100€)
Libre dès le 15 octobre 2025.

Ne manquez pas cette occasion ! Contactez-nous dès aujourd’hui pour plus d’informations ou pour organiser une visite.
Tout voir";Rue Capouillet 37;Saint-Gilles;1060;75;1800;1;Rez-de-chaussée;False;False;['https://api-image.immovlan.be/v1/property/VBD43081/images/908e6ea5b54744a6b9b5a68035e5eda3.jpg/webp/ExtraLarge?mode=pad&format=webp&quality=75', 'https://api-image.immovlan.be/v1/property/VBD43081/images/aa48d93e1d9f49b79ccb2d7a92dbe150.jpg/webp/ExtraLarge?mode=pad&format=webp&quality=75', 'https://api-image.immovlan.be/v1/property/VBD43081/images/ef24e70dbd7344e88b0f837a94506902.jpg/webp/ExtraLarge?mode=pad&format=webp&quality=75', 'https://api-image.immovlan.be/v1/property/VBD43081/images/de4896b169bd4ae59851318b3e9829e5.jpg/webp/ExtraLarge?mode=pad&format=webp&quality=75', 'https://api-image.immovlan.be/v1/property/VBD43081/images/133ac7227e5a43efb020404ab1fc59f5.jpg/webp/ExtraLarge?mode=pad&format=webp&quality=75', 'https://api-image.immovlan.be/v1/property/VBD43081/images/c5cac5d30d2a4a8c92884e2a169c6d8f.jpg/webp/ExtraLarge?mode=pad&format=webp&quality=75', 'https://api-image.immovlan.be/v1/property/VBD43081/images/8381cdb18a604464bbff90fee61e38e8.jpg/webp/ExtraLarge?mode=pad&format=webp&quality=75', 'https://api-image.immovlan.be/v1/property/VBD43081/images/1a7619b116c94314945d9ce71949ad70.jpg/webp/ExtraLarge?mode=pad&format=webp&quality=75', 'https://api-image.immovlan.be/v1/property/VBD43081/images/8807277646714630a2156a4b8042a04d.jpg/webp/ExtraLarge?mode=pad&format=webp&quality=75', 'https://api-image.immovlan.be/v1/property/VBD43081/images/0bf5911c3fab4d5b9099d45ae4bdccb5.jpg/webp/ExtraLarge?mode=pad&format=webp&quality=75', 'https://api-image.immovlan.be/v1/property/VBD43081/images/cd131568ad3749b7a3b37744be817627.jpg/webp/ExtraLarge?mode=pad&format=webp&quality=75', 'https://api-image.immovlan.be/v1/property/VBD43081/images/131260b6877242e3b6326e5413a5251b.jpg/webp/ExtraLarge?mode=pad&format=webp&quality=75', 'https://api-image.immovlan.be/v1/property/VBD43081/images/280cf3e80266494d9a2200885b74b3fd.jpg/webp/ExtraLarge?mode=pad&format=webp&quality=75', 'https://api-image.immovlan.be/v1/property/VBD43081/images/974340bdb88d4205a25c70af84bab19d.jpg/webp/ExtraLarge?mode=pad&format=webp&quality=75', 'https://api-image.immovlan.be/v1/property/VBD43081/images/83ab8dabcd634bc2ad504ff73ca7afec.jpg/webp/ExtraLarge?mode=pad&format=webp&quality=75', 'https://api-image.immovlan.be/v1/property/VBD43081/images/246caacefede4752825a07204170620b.jpg/webp/ExtraLarge?mode=pad&format=webp&quality=75'];https://immovlan.be/fr/detail/rez-de-chaussee/a-louer/1060/saint-gilles/vbd43081;location
Appartement;"Découvrez ""Anaé"", un appartement de 61m2 situé au 1er étage d'une charmante petite copropriété. En entrant dans cet appartement, vous serez immédiatement séduit par sa luminosité et l’atmosphère chaleureuse qui s’en dégage. Les hauts plafonds renforcent la sensation d’espace. La chambre principale offre un cadre spacieux et apaisant. Le bureau séparé constitue un endroit idéal pour travailler. La cuisine, entièrement équipée, s’intègre parfaitement à un salon lumineux. Ce dernier s’ouvre sur un balcon privé. L'appartement a été récemment rénové. Une pièce annexe supplémentaire est également disponible, parfaite pour le rangement ou le stockage. Idéalement situé, cet appartement bénéficie d'un accès facile aux transports en commun, aux commerces et aux espaces verts. Informations pratiques : Loyer : 1100€/mois Label PEB : D+ Libre à partir du 01/10/2025 Anaé vous intéresse ? Contactez nous au Tel ou par email Contact";Rue du Monténégro 79;Forest;1190;61;1100;1;Appartement;False;False;['https://api-image.immovlan.be/v1/property/VBD43072/images/990fd06c3b744bcebaec42543f32fa1a.jpg/webp/ExtraLarge?mode=pad&format=webp&quality=75', 'https://api-image.immovlan.be/v1/property/VBD43072/images/e53e575bebcb4d928c48e3a12b505365.jpg/webp/ExtraLarge?mode=pad&format=webp&quality=75', 'https://api-image.immovlan.be/v1/property/VBD43072/images/d18eb79fcec8443a9d89f8171556fe5b.jpg/webp/ExtraLarge?mode=pad&format=webp&quality=75', 'https://api-image.immovlan.be/v1/property/VBD43072/images/b13cb861223548929da781fe7fa5bbdd.jpg/webp/ExtraLarge?mode=pad&format=webp&quality=75', 'https://api-image.immovlan.be/v1/property/VBD43072/images/c31122667fde4b8cb0729bf783f61c0d.jpg/webp/ExtraLarge?mode=pad&format=webp&quality=75', 'https://api-image.immovlan.be/v1/property/VBD43072/images/8c80cee8569c42559ee21927d90d4867.jpg/webp/ExtraLarge?mode=pad&format=webp&quality=75', 'https://api-image.immovlan.be/v1/property/VBD43072/images/205de20ac4d44298a17874f8cd5f80d0.jpg/webp/ExtraLarge?mode=pad&format=webp&quality=75', 'https://api-image.immovlan.be/v1/property/VBD43072/images/01b0960b0c7f4d1ab515cfc9f4856492.jpg/webp/ExtraLarge?mode=pad&format=webp&quality=75'];https://immovlan.be/fr/detail/appartement/a-louer/1190/forest/vbd43072;location
Appartement;"L'appartement bénéficie d'un emplacement idéal, à proximité de nombreux moyens de transport. Il se trouve à seulement 7 minutes à pied de la place Flagey, desservie par les lignes de tram 81 et de bus 59 et 71. La gare du Germoir est accessible en 5 minutes, tandis que les lignes de bus 95 et 96 sont à environ 3 minutes à pied.

Le quartier offre également toutes les commodités nécessaires au quotidien : une grande surface est située à 8 minutes, une boulangerie à seulement 4 minutes, et un hôpital à 5 minutes.

Détails de l’appartement :
🏠 1 chambre spacieuse (18 m²)
🛋️ Living lumineux (24 m²)
🛁 Salle de bain (6 m²) avec douche, évier, WC + espace pour machine à laver et séchoir
🍽️ Cuisine semi-équipée (6 m²)
🔑 Chauffage central au gaz individuel + double vitrage
📶 Connexions pour TV et internet (fibre)
Loyer : 955€ /mois.
Garantie locative de 1910€.
Aucune charge commune !
Idéal pour :
✅ Une personne seule ou un couple
✅ Locataire calme, solvable et respectueux
📍 Adresse : Rue Alfred Giron, 1050 Ixelles
Renseignements & visites :
Uniquement entre 18h et 20h au ou par email
Agence s’abstenir.
Tout voir";rue Alfred Giron 7;Ixelles;1050;54;955;1;Appartement;False;False;['https://api-image.immovlan.be/v1/property/VWD15374/images/file-0.14266543203267767.jpg/webp/ExtraLarge?mode=pad&format=webp&quality=75', 'https://api-image.immovlan.be/v1/property/VWD15374/images/file-0.6572563101807966.jpg/webp/ExtraLarge?mode=pad&format=webp&quality=75', 'https://api-image.immovlan.be/v1/property/VWD15374/images/file-0.805132059528827.jpg/webp/ExtraLarge?mode=pad&format=webp&quality=75', 'https://api-image.immovlan.be/v1/property/VWD15374/images/file-0.415469360195158.jpg/webp/ExtraLarge?mode=pad&format=webp&quality=75', 'https://api-image.immovlan.be/v1/property/VWD15374/images/file-0.9681852967273286.jpg/webp/ExtraLarge?mode=pad&format=webp&quality=75', 'https://api-image.immovlan.be/v1/property/VWD15374/images/file-0.5280929551967479.jpg/webp/ExtraLarge?mode=pad&format=webp&quality=75', 'https://api-image.immovlan.be/v1/property/VWD15374/images/file-0.8328156589054364.jpg/webp/ExtraLarge?mode=pad&format=webp&quality=75', 'https://api-image.immovlan.be/v1/property/VWD15374/images/file-0.9382149117364381.jpg/webp/ExtraLarge?mode=pad&format=webp&quality=75', 'https://api-image.immovlan.be/v1/property/VWD15374/images/file-0.009309227341752102.jpg/webp/ExtraLarge?mode=pad&format=webp&quality=75'];https://immovlan.be/fr/detail/appartement/a-louer/1050/ixelles/vwd15374;location
Appartement;Situé dans une impasse calme au cœur de Bruxelles-Ville, à deux pas du centre historique, nous vous proposons ce joli appartement. Il se compose comme suit - spacieuse et lumineuse pièce de vie avec cuisine , 2 chambres, toilette et salle de bain . PEB (D-). Charges forfaitaires : 55€/mois (25€ communs + 30€ pour l'eau). Compteurs gaz et électricité individuels. A visiter sans tarder. Informations et visites : Tel - Contact;Impasse des Lunettes 13;Bruxelles;1000;71;1150;1;Appartement;False;False;['https://api-image.immovlan.be/v1/property/VBD42896/images/304607f642684d2cb6e382a0b691c12c.jpg/webp/ExtraLarge?mode=pad&format=webp&quality=75', 'https://api-image.immovlan.be/v1/property/VBD42896/images/0817dd9570a64517aeeb036a74f86673.jpg/webp/ExtraLarge?mode=pad&format=webp&quality=75', 'https://api-image.immovlan.be/v1/property/VBD42896/images/4178c50a1e3045ba88def79899aa3903.jpg/webp/ExtraLarge?mode=pad&format=webp&quality=75', 'https://api-image.immovlan.be/v1/property/VBD42896/images/37f269d25e8a4a7eb90c81720743f8cc.jpg/webp/ExtraLarge?mode=pad&format=webp&quality=75', 'https://api-image.immovlan.be/v1/property/VBD42896/images/e0248f11968b434083eaadc45272a2fe.jpg/webp/ExtraLarge?mode=pad&format=webp&quality=75', 'https://api-image.immovlan.be/v1/property/VBD42896/images/b56fc3a919834996983e3a61a69e506e.jpg/webp/ExtraLarge?mode=pad&format=webp&quality=75', 'https://api-image.immovlan.be/v1/property/VBD42896/images/09d71e6e7043463a9b269cddb1da6883.jpg/webp/ExtraLarge?mode=pad&format=webp&quality=75', 'https://api-image.immovlan.be/v1/property/VBD42896/images/1f45fabe047b4191bf558c6fa43e0286.jpg/webp/ExtraLarge?mode=pad&format=webp&quality=75'];https://immovlan.be/fr/detail/appartement/a-louer/1000/bruxelles/vbd42896;location
Appartement;"BERCHEM-SAINTE-AGATHE, dans une nouvelle construction de 2025, proche de toutes les commodités, appartement 1 chambre de ± 71m².

Au 2ème étage avec ascenseur :
Hall d'entrée
Living de ± 25m² avec terrasse
Cuisine équipée (four, taques, hotte, frigo, congélateur, lave-vaisselle)
Chambre de ± 12m² avec placards intégrés et terrasse
Salle de bains
Cave n°40

Provision charges : 100€/ mois - Frais communs
Emplacement de parking intérieur OBLIGATOIRE : 100€/ mois

PEB : B+, 11,24kg/ (m²/an)

Disponibilité immédiate
Tout voir";Avenue de Selliers de Moranville 35;Berchem-Sainte-Agathe;1082;71;1075;1;Appartement;False;False;['https://api-image.immovlan.be/v1/property/VBD43008/images/19ff52b27800422eac2b85e02c24f026.jpg/webp/ExtraLarge?mode=pad&format=webp&quality=75', 'https://api-image.immovlan.be/v1/property/VBD43008/images/247ba9fc6fe14673bad384c55fb396ce.jpg/webp/ExtraLarge?mode=pad&format=webp&quality=75', 'https://api-image.immovlan.be/v1/property/VBD43008/images/5293a82f3534437aa5fe9f81a70c2c82.jpg/webp/ExtraLarge?mode=pad&format=webp&quality=75', 'https://api-image.immovlan.be/v1/property/VBD43008/images/d159d74cfb6343e0859e27e0d7909307.jpg/webp/ExtraLarge?mode=pad&format=webp&quality=75', 'https://api-image.immovlan.be/v1/property/VBD43008/images/6193a15d91c34703aa10903492576918.jpg/webp/ExtraLarge?mode=pad&format=webp&quality=75', 'https://api-image.immovlan.be/v1/property/VBD43008/images/a80cbac587d04989b4f8c94096564fc7.jpg/webp/ExtraLarge?mode=pad&format=webp&quality=75'];https://immovlan.be/fr/detail/appartement/a-louer/1082/berchem-sainte-agathe/vbd43008;location
